Define Name,Type,Address,Description
shelf_no,WORD,{EtherLink1}1@D20000,total number of shelf
k_shelf_reg_size,WORD,{EtherLink1}1@D20003,how many register one shelf_data occupies
PVLookup_1_Arr0,WORD,{EtherLink1}1@D20014,PV look-up values when only 1 valves are on
PVLookup_1_Arr1,WORD,{EtherLink1}1@D20015,PV look-up values when only 1 valves are on
PVLookup_1_Arr2,WORD,{EtherLink1}1@D20016,PV look-up values when only 1 valves are on
PVLookup_1_Arr3,WORD,{EtherLink1}1@D20017,PV look-up values when only 1 valves are on
PVLookup_2_Arr0,WORD,{EtherLink1}1@D20018,PV look-up values when only 2 valves are on
PVLookup_2_Arr1,WORD,{EtherLink1}1@D20019,PV look-up values when only 2 valves are on
PVLookup_2_Arr2,WORD,{EtherLink1}1@D20020,PV look-up values when only 2 valves are on
PVLookup_2_Arr3,WORD,{EtherLink1}1@D20021,PV look-up values when only 2 valves are on
PVLookup_3_Arr0,WORD,{EtherLink1}1@D20022,PV look-up values when only 3 valves are on
PVLookup_3_Arr1,WORD,{EtherLink1}1@D20023,PV look-up values when only 3 valves are on
PVLookup_3_Arr2,WORD,{EtherLink1}1@D20024,PV look-up values when only 3 valves are on
PVLookup_3_Arr3,WORD,{EtherLink1}1@D20025,PV look-up values when only 3 valves are on
PVLookup_4_Arr0,WORD,{EtherLink1}1@D20026,PV look-up values when only 4 valves are on
PVLookup_4_Arr1,WORD,{EtherLink1}1@D20027,PV look-up values when only 4 valves are on
PVLookup_4_Arr2,WORD,{EtherLink1}1@D20028,PV look-up values when only 4 valves are on
PVLookup_4_Arr3,WORD,{EtherLink1}1@D20029,PV look-up values when only 4 valves are on
ShelfSectionMapping_0_Arr0,WORD,{EtherLink1}1@D20030,configure which shelves should belong to sec0
ShelfSectionMapping_0_Arr1,WORD,{EtherLink1}1@D20031,configure which shelves should belong to sec0
ShelfSectionMapping_0_Arr2,WORD,{EtherLink1}1@D20032,configure which shelves should belong to sec0
ShelfSectionMapping_0_Arr3,WORD,{EtherLink1}1@D20033,configure which shelves should belong to sec0
ShelfSectionMapping_1_Arr0,WORD,{EtherLink1}1@D20034,configure which shelves should belong to sec1
ShelfSectionMapping_1_Arr1,WORD,{EtherLink1}1@D20035,configure which shelves should belong to sec1
ShelfSectionMapping_1_Arr2,WORD,{EtherLink1}1@D20036,configure which shelves should belong to sec1
ShelfSectionMapping_1_Arr3,WORD,{EtherLink1}1@D20037,configure which shelves should belong to sec1
ShelfSectionMapping_2_Arr0,WORD,{EtherLink1}1@D20038,configure which shelves should belong to sec2
ShelfSectionMapping_2_Arr1,WORD,{EtherLink1}1@D20039,configure which shelves should belong to sec2
ShelfSectionMapping_2_Arr2,WORD,{EtherLink1}1@D20040,configure which shelves should belong to sec2
ShelfSectionMapping_2_Arr3,WORD,{EtherLink1}1@D20041,configure which shelves should belong to sec2
secModeArr0,WORD,{EtherLink1}1@D20042,secMode[0] : section 0 mode etc.
secModeArr1,WORD,{EtherLink1}1@D20043,secMode[0] : section 0 mode etc.
secModeArr2,WORD,{EtherLink1}1@D20044,secMode[0] : section 0 mode etc.
stat_water_vfd_power1,BIT,{EtherLink1}1@D20108.0,Status for VFD power
stat_water_vfd_comm1,BIT,{EtherLink1}1@D20109.0,Status for VFD Comm
stat_water_vfd_motor1,BIT,{EtherLink1}1@D20110.0,Status for water system
stat_water_vfd_pid1,BIT,{EtherLink1}1@D20111.0,Status for water system
stat_water_vfd_overload1,BIT,{EtherLink1}1@D20112.0,Status for water system
stat_water_vfd_other1,BIT,{EtherLink1}1@D20113.0,Other VFD error
stat_water_shelf_valvefault1,BIT,{EtherLink1}1@D20114.0,Status for water system
stat_water_shelf_overflow1,BIT,{EtherLink1}1@D20115.0,Status for water system
stat_water_temp_range1,BIT,{EtherLink1}1@D20116.0,Status for water system
stat_water_tank_levellow1,BIT,{EtherLink1}1@D20117.0,Status for water system
stat_water_tank_levelhigh1,BIT,{EtherLink1}1@D20118.0,Status for water system
stat_water_tank_sensor_unison1,BIT,{EtherLink1}1@D20119.0,Status for water system
stat_light_burned1,BIT,{EtherLink1}1@D20120.0,Status for lighting system
stat_light_powertrip1,BIT,{EtherLink1}1@D20121.0,Status for lighting system
stat_vent_vfd_comm1,BIT,{EtherLink1}1@D20122.0,Status for ventilation system
stat_vent_vfd_power1,BIT,{EtherLink1}1@D20123.0,Status for ventilation system
stat_vent_vfd_motor1,BIT,{EtherLink1}1@D20124.0,Status for ventilation system
stat_vent_vfd_overload1,BIT,{EtherLink1}1@D20125.0,Status for ventilation system
stat_vent_vfd_status_code,WORD,{EtherLink1}1@D20126,Ventilation VFD status code
stat_vent_air_offline1,BIT,{EtherLink1}1@D20127.0,Status for ventilation system
stat_vent_air_deviation1,BIT,{EtherLink1}1@D20128.0,Status for ventilation system
stat_vent_air_humidity1,BIT,{EtherLink1}1@D20129.0,Status for ventilation system
stat_vent_air_co2,BIT,{EtherLink1}1@D20130.0,Status for ventilation system
stat_vent_air_temp1,BIT,{EtherLink1}1@D20131.0,Status for ventilation system
stat_alarm_clear,BIT,{EtherLink1}1@D20132.0,Global alarm indicator
stat_plc1_system,BIT,{EtherLink1}1@D20133.0,PLC1 system
stat_plc2_system,BIT,{EtherLink1}1@D20134.0,PLC2 system
stat_plc1_io,BIT,{EtherLink1}1@D20135.0,PLC1 IO
stat_plc2_io,BIT,{EtherLink1}1@D20136.0,PLC2 IO
stat_plc_transfer,BIT,{EtherLink1}1@D20137.0,Transfer between PLC1 and PLC2
CONST_AIR_TEMPERATURE_MAX,WORD,{EtherLink1}1@D20140,For range checking
CONST_AIR_TEMPERATURE_MIN,WORD,{EtherLink1}1@D20141,For range checking
CONST_AIR_HUMIDITY_MAX,WORD,{EtherLink1}1@D20142,For range checking
CONST_AIR_HUMIDITY_MIN,WORD,{EtherLink1}1@D20143,For range checking
CONST_AIR_CO2_MAX,WORD,{EtherLink1}1@D20144,For range checking
CONST_AIR_CO2_MIN,WORD,{EtherLink1}1@D20145,For range checking
CONST_WATER_RANGE_MAX,WORD,{EtherLink1}1@D20146,Checking water temperature range
CONST_WATER_RANGE_MIN,WORD,{EtherLink1}1@D20147,Checking water temperature range
airflowVfdSetPoint,WORD,{EtherLink1}1@D20149,Airflow target setting
airflowVfdOnOff,BIT,{EtherLink1}1@D20150.0,Airflow on/off
pumpFillDrainMode0,BIT,{EtherLink1}1@D20153.0,"Operation mode (FALSE - steady water supply, TRUE - on off mode)"
pumpFillDrainMode1,BIT,{EtherLink1}1@D20153.1,"Operation mode (FALSE - steady water supply, TRUE - on off mode)"
pumpFillDrainMode2,BIT,{EtherLink1}1@D20153.2,"Operation mode (FALSE - steady water supply, TRUE - on off mode)"
pumpFillDrainModeOn0,BIT,{EtherLink1}1@D20156.0,Turn on or off fill-drain mode
pumpFillDrainModeOn1,BIT,{EtherLink1}1@D20156.1,Turn on or off fill-drain mode
pumpFillDrainModeOn2,BIT,{EtherLink1}1@D20156.2,Turn on or off fill-drain mode
pumpFillValue0,WORD,{EtherLink1}1@D20159,Fill-Drain mode Fill values
pumpFillValue1,WORD,{EtherLink1}1@D20160,Fill-Drain mode Fill values
pumpFillValue2,WORD,{EtherLink1}1@D20161,Fill-Drain mode Fill values
pumpDrainValue0,WORD,{EtherLink1}1@D20162,Fill-Drain mode Drain values
pumpDrainValue1,WORD,{EtherLink1}1@D20163,Fill-Drain mode Drain values
pumpDrainValue2,WORD,{EtherLink1}1@D20164,Fill-Drain mode Drain values
pumpFillModeFlag0,BIT,{EtherLink1}1@D20165.0,Whether it's currently in Fill mode (0) or Drain mode (1)
pumpFillModeFlag1,BIT,{EtherLink1}1@D20165.1,Whether it's currently in Fill mode (0) or Drain mode (1)
pumpFillModeFlag2,BIT,{EtherLink1}1@D20165.2,Whether it's currently in Fill mode (0) or Drain mode (1)
pumpFillDuration_s0,WORD,{EtherLink1}1@D20174,Fill duration in seconds
pumpFillDuration_s1,WORD,{EtherLink1}1@D20175,Fill duration in seconds
pumpFillDuration_s2,WORD,{EtherLink1}1@D20176,Fill duration in seconds
pumpDrainDuration_s0,WORD,{EtherLink1}1@D20177,Drain duration in seconds
pumpDrainDuration_s1,WORD,{EtherLink1}1@D20178,Drain duration in seconds
pumpDrainDuration_s2,WORD,{EtherLink1}1@D20179,Drain duration in seconds
flowratePerShelf0,WORD,{EtherLink1}1@D20180,flowrate per shelf in lpm
flowratePerShelf1,WORD,{EtherLink1}1@D20181,flowrate per shelf in lpm
flowratePerShelf2,WORD,{EtherLink1}1@D20182,flowrate per shelf in lpm
pumpFillDrainCountDownTimer_s0,WORD,{EtherLink1}1@D20183,Countdown timer
pumpFillDrainCountDownTimer_s1,WORD,{EtherLink1}1@D20184,Countdown timer
pumpFillDrainCountDownTimer_s2,WORD,{EtherLink1}1@D20185,Countdown timer
pumpAbnormalFlag0,BIT,{EtherLink1}1@D20186.0,Flag indicate something is abnormal
pumpAbnormalFlag1,BIT,{EtherLink1}1@D20186.1,Flag indicate something is abnormal
pumpAbnormalFlag2,BIT,{EtherLink1}1@D20186.2,Flag indicate something is abnormal
pumpAbnormalTermination0,BIT,{EtherLink1}1@D20192.0,Pump stopped due to prolonged abnormality
pumpAbnormalTermination1,BIT,{EtherLink1}1@D20192.1,Pump stopped due to prolonged abnormality
pumpAbnormalTermination2,BIT,{EtherLink1}1@D20192.2,Pump stopped due to prolonged abnormality
pumpTerminationThreshold_hz,WORD,{EtherLink1}1@D20195,Pump threshold in hz before termination
waterTempOffset0,WORD,{EtherLink1}1@D20216,Offset to water temperature
waterTempOffset1,WORD,{EtherLink1}1@D20217,Offset to water temperature
waterTempOffset2,WORD,{EtherLink1}1@D20218,Offset to water temperature
waterTempOffset3,WORD,{EtherLink1}1@D20219,Offset to water temperature
waterTempOffset4,WORD,{EtherLink1}1@D20220,Offset to water temperature
waterTempOffset5,WORD,{EtherLink1}1@D20221,Offset to water temperature
waterTempOffset6,WORD,{EtherLink1}1@D20222,Offset to water temperature
waterTempOffset7,WORD,{EtherLink1}1@D20223,Offset to water temperature
waterTempOffset8,WORD,{EtherLink1}1@D20224,Offset to water temperature
waterTempOffset9,WORD,{EtherLink1}1@D20225,Offset to water temperature
waterTempOffset10,WORD,{EtherLink1}1@D20226,Offset to water temperature
waterTempOffset11,WORD,{EtherLink1}1@D20227,Offset to water temperature
waterTempOffset12,WORD,{EtherLink1}1@D20228,Offset to water temperature
waterTempOffset13,WORD,{EtherLink1}1@D20229,Offset to water temperature
waterTempOffset14,WORD,{EtherLink1}1@D20230,Offset to water temperature
waterTempOffset15,WORD,{EtherLink1}1@D20231,Offset to water temperature
waterTempOffset16,WORD,{EtherLink1}1@D20232,Offset to water temperature
waterTempOffset17,WORD,{EtherLink1}1@D20233,Offset to water temperature
waterTempOffset18,WORD,{EtherLink1}1@D20234,Offset to water temperature
waterTempOffset19,WORD,{EtherLink1}1@D20235,Offset to water temperature
waterTempOffsetNegative0,BIT,{EtherLink1}1@D20236.0,True if negative offset
waterTempOffsetNegative1,BIT,{EtherLink1}1@D20236.1,True if negative offset
waterTempOffsetNegative2,BIT,{EtherLink1}1@D20236.2,True if negative offset
waterTempOffsetNegative3,BIT,{EtherLink1}1@D20236.3,True if negative offset
waterTempOffsetNegative4,BIT,{EtherLink1}1@D20236.4,True if negative offset
waterTempOffsetNegative5,BIT,{EtherLink1}1@D20236.5,True if negative offset
waterTempOffsetNegative6,BIT,{EtherLink1}1@D20236.6,True if negative offset
waterTempOffsetNegative7,BIT,{EtherLink1}1@D20236.7,True if negative offset
waterTempOffsetNegative8,BIT,{EtherLink1}1@D20236.8,True if negative offset
waterTempOffsetNegative9,BIT,{EtherLink1}1@D20236.9,True if negative offset
waterTempOffsetNegative10,BIT,{EtherLink1}1@D20236.10,True if negative offset
waterTempOffsetNegative11,BIT,{EtherLink1}1@D20236.11,True if negative offset
waterTempOffsetNegative12,BIT,{EtherLink1}1@D20236.12,True if negative offset
waterTempOffsetNegative13,BIT,{EtherLink1}1@D20236.13,True if negative offset
waterTempOffsetNegative14,BIT,{EtherLink1}1@D20236.14,True if negative offset
waterTempOffsetNegative15,BIT,{EtherLink1}1@D20236.15,True if negative offset
waterTempOffsetNegative16,BIT,{EtherLink1}1@D20237.0,True if negative offset
waterTempOffsetNegative17,BIT,{EtherLink1}1@D20237.1,True if negative offset
waterTempOffsetNegative18,BIT,{EtherLink1}1@D20237.2,True if negative offset
waterTempOffsetNegative19,BIT,{EtherLink1}1@D20237.3,True if negative offset
waterTempFinal0,WORD,{EtherLink1}1@D20256,Water temp after offset is included
waterTempFinal1,WORD,{EtherLink1}1@D20257,Water temp after offset is included
waterTempFinal2,WORD,{EtherLink1}1@D20258,Water temp after offset is included
waterTempFinal3,WORD,{EtherLink1}1@D20259,Water temp after offset is included
waterTempFinal4,WORD,{EtherLink1}1@D20260,Water temp after offset is included
waterTempFinal5,WORD,{EtherLink1}1@D20261,Water temp after offset is included
waterTempFinal6,WORD,{EtherLink1}1@D20262,Water temp after offset is included
waterTempFinal7,WORD,{EtherLink1}1@D20263,Water temp after offset is included
waterTempFinal8,WORD,{EtherLink1}1@D20264,Water temp after offset is included
waterTempFinal9,WORD,{EtherLink1}1@D20265,Water temp after offset is included
waterTempFinal10,WORD,{EtherLink1}1@D20266,Water temp after offset is included
waterTempFinal11,WORD,{EtherLink1}1@D20267,Water temp after offset is included
waterTempFinal12,WORD,{EtherLink1}1@D20268,Water temp after offset is included
waterTempFinal13,WORD,{EtherLink1}1@D20269,Water temp after offset is included
waterTempFinal14,WORD,{EtherLink1}1@D20270,Water temp after offset is included
waterTempFinal15,WORD,{EtherLink1}1@D20271,Water temp after offset is included
waterTempFinal16,WORD,{EtherLink1}1@D20272,Water temp after offset is included
waterTempFinal17,WORD,{EtherLink1}1@D20273,Water temp after offset is included
waterTempFinal18,WORD,{EtherLink1}1@D20274,Water temp after offset is included
waterTempFinal19,WORD,{EtherLink1}1@D20275,Water temp after offset is included
overflowLocal0,BIT,{EtherLink1}1@D20276.0,Overflow sensor 
overflowLocal1,BIT,{EtherLink1}1@D20276.1,Overflow sensor 
overflowLocal2,BIT,{EtherLink1}1@D20276.2,Overflow sensor 
overflowLocal3,BIT,{EtherLink1}1@D20276.3,Overflow sensor 
overflowLocal4,BIT,{EtherLink1}1@D20276.4,Overflow sensor 
overflowLocal5,BIT,{EtherLink1}1@D20276.5,Overflow sensor 
overflowLocal6,BIT,{EtherLink1}1@D20276.6,Overflow sensor 
overflowLocal7,BIT,{EtherLink1}1@D20276.7,Overflow sensor 
overflowLocal8,BIT,{EtherLink1}1@D20276.8,Overflow sensor 
overflowLocal9,BIT,{EtherLink1}1@D20276.9,Overflow sensor 
pump_e_OnArr0,BIT,{EtherLink1}1@D11000.0
pump_e_OnArr1,BIT,{EtherLink1}1@D11000.1
pump_e_OnArr2,BIT,{EtherLink1}1@D11000.2
pump_e_ValveOnArr0,BIT,{EtherLink1}1@D11001.0
pump_e_ValveOnArr1,BIT,{EtherLink1}1@D11001.1
pump_e_ValveOnArr2,BIT,{EtherLink1}1@D11001.2
pump_e_ValveOnArr3,BIT,{EtherLink1}1@D11001.3
pump_e_FlowOrRpm,WORD,{EtherLink1}1@D11002,"1 - Flow, 2 - RPM"
pump_e_SetpointArr0,WORD,{EtherLink1}1@D11003
pump_e_SetpointArr1,WORD,{EtherLink1}1@D11004
pump_e_SetpointArr2,WORD,{EtherLink1}1@D11005
pump_h_Mode,WORD,{EtherLink1}1@D11006
pump_h_PumpSelect0,BIT,{EtherLink1}1@D11007.0
pump_h_PumpSelect1,BIT,{EtherLink1}1@D11007.1
pump_h_PumpSelect2,BIT,{EtherLink1}1@D11007.2
pump_h_FlowSetArr0,WORD,{EtherLink1}1@D11008
pump_h_FlowSetArr1,WORD,{EtherLink1}1@D11009
pump_h_FlowSetArr2,WORD,{EtherLink1}1@D11010
pump_h_RpmSetArr0,WORD,{EtherLink1}1@D11011
pump_h_RpmSetArr1,WORD,{EtherLink1}1@D11012
pump_h_RpmSetArr2,WORD,{EtherLink1}1@D11013
pump_ctrlModeFbkArr0,WORD,{EtherLink1}1@D11014
pump_ctrlModeFbkArr1,WORD,{EtherLink1}1@D11015
pump_ctrlModeFbkArr2,WORD,{EtherLink1}1@D11016
pump_runningFbkArr0,BIT,{EtherLink1}1@D11017.0
pump_runningFbkArr1,BIT,{EtherLink1}1@D11017.1
pump_runningFbkArr2,BIT,{EtherLink1}1@D11017.2
pump_flowrateFbkArr0,WORD,{EtherLink1}1@D11018
pump_flowrateFbkArr1,WORD,{EtherLink1}1@D11019
pump_flowrateFbkArr2,WORD,{EtherLink1}1@D11020
pump_rpmFbkArr0,WORD,{EtherLink1}1@D11021
pump_rpmFbkArr1,WORD,{EtherLink1}1@D11022
pump_rpmFbkArr2,WORD,{EtherLink1}1@D11023
s0_mode,WORD,{EtherLink1}1@D10000,"shelf_x mode auto-1, semi-2, manual-3"
s0_autoWaterOn,BIT,{EtherLink1}1@D10001.0
s0_autoLightOn,BIT,{EtherLink1}1@D10002.0
s0_autoLightIntensity,WORD,{EtherLink1}1@D10003
s0_semiPVOn,BIT,{EtherLink1}1@D10004.0
s0_semiLightOn,BIT,{EtherLink1}1@D10005.0
s0_manuLightOn,BIT,{EtherLink1}1@D10006.0
s0_manuLightIntensity,WORD,{EtherLink1}1@D10007
s0_manuPVPos,WORD,{EtherLink1}1@D10008
s1_mode,WORD,{EtherLink1}1@D10012,"shelf_x mode auto-1, semi-2, manual-3"
s1_autoWaterOn,BIT,{EtherLink1}1@D10013.0
s1_autoLightOn,BIT,{EtherLink1}1@D10014.0
s1_autoLightIntensity,WORD,{EtherLink1}1@D10015
s1_semiPVOn,BIT,{EtherLink1}1@D10016.0
s1_semiLightOn,BIT,{EtherLink1}1@D10017.0
s1_manuLightOn,BIT,{EtherLink1}1@D10018.0
s1_manuLightIntensity,WORD,{EtherLink1}1@D10019
s1_manuPVPos,WORD,{EtherLink1}1@D10020
s2_mode,WORD,{EtherLink1}1@D10024,"shelf_x mode auto-1, semi-2, manual-3"
s2_autoWaterOn,BIT,{EtherLink1}1@D10025.0
s2_autoLightOn,BIT,{EtherLink1}1@D10026.0
s2_autoLightIntensity,WORD,{EtherLink1}1@D10027
s2_semiPVOn,BIT,{EtherLink1}1@D10028.0
s2_semiLightOn,BIT,{EtherLink1}1@D10029.0
s2_manuLightOn,BIT,{EtherLink1}1@D10030.0
s2_manuLightIntensity,WORD,{EtherLink1}1@D10031
s2_manuPVPos,WORD,{EtherLink1}1@D10032
s3_mode,WORD,{EtherLink1}1@D10036,"shelf_x mode auto-1, semi-2, manual-3"
s3_autoWaterOn,BIT,{EtherLink1}1@D10037.0
s3_autoLightOn,BIT,{EtherLink1}1@D10038.0
s3_autoLightIntensity,WORD,{EtherLink1}1@D10039
s3_semiPVOn,BIT,{EtherLink1}1@D10040.0
s3_semiLightOn,BIT,{EtherLink1}1@D10041.0
s3_manuLightOn,BIT,{EtherLink1}1@D10042.0
s3_manuLightIntensity,WORD,{EtherLink1}1@D10043
s3_manuPVPos,WORD,{EtherLink1}1@D10044
s4_mode,WORD,{EtherLink1}1@D10048,"shelf_x mode auto-1, semi-2, manual-3"
s4_autoWaterOn,BIT,{EtherLink1}1@D10049.0
s4_autoLightOn,BIT,{EtherLink1}1@D10050.0
s4_autoLightIntensity,WORD,{EtherLink1}1@D10051
s4_semiPVOn,BIT,{EtherLink1}1@D10052.0
s4_semiLightOn,BIT,{EtherLink1}1@D10053.0
s4_manuLightOn,BIT,{EtherLink1}1@D10054.0
s4_manuLightIntensity,WORD,{EtherLink1}1@D10055
s4_manuPVPos,WORD,{EtherLink1}1@D10056
s5_mode,WORD,{EtherLink1}1@D10060,"shelf_x mode auto-1, semi-2, manual-3"
s5_autoWaterOn,BIT,{EtherLink1}1@D10061.0
s5_autoLightOn,BIT,{EtherLink1}1@D10062.0
s5_autoLightIntensity,WORD,{EtherLink1}1@D10063
s5_semiPVOn,BIT,{EtherLink1}1@D10064.0
s5_semiLightOn,BIT,{EtherLink1}1@D10065.0
s5_manuLightOn,BIT,{EtherLink1}1@D10066.0
s5_manuLightIntensity,WORD,{EtherLink1}1@D10067
s5_manuPVPos,WORD,{EtherLink1}1@D10068
s6_mode,WORD,{EtherLink1}1@D10072,"shelf_x mode auto-1, semi-2, manual-3"
s6_autoWaterOn,BIT,{EtherLink1}1@D10073.0
s6_autoLightOn,BIT,{EtherLink1}1@D10074.0
s6_autoLightIntensity,WORD,{EtherLink1}1@D10075
s6_semiPVOn,BIT,{EtherLink1}1@D10076.0
s6_semiLightOn,BIT,{EtherLink1}1@D10077.0
s6_manuLightOn,BIT,{EtherLink1}1@D10078.0
s6_manuLightIntensity,WORD,{EtherLink1}1@D10079
s6_manuPVPos,WORD,{EtherLink1}1@D10080
s7_mode,WORD,{EtherLink1}1@D10084,"shelf_x mode auto-1, semi-2, manual-3"
s7_autoWaterOn,BIT,{EtherLink1}1@D10085.0
s7_autoLightOn,BIT,{EtherLink1}1@D10086.0
s7_autoLightIntensity,WORD,{EtherLink1}1@D10087
s7_semiPVOn,BIT,{EtherLink1}1@D10088.0
s7_semiLightOn,BIT,{EtherLink1}1@D10089.0
s7_manuLightOn,BIT,{EtherLink1}1@D10090.0
s7_manuLightIntensity,WORD,{EtherLink1}1@D10091
s7_manuPVPos,WORD,{EtherLink1}1@D10092
s8_mode,WORD,{EtherLink1}1@D10096,"shelf_x mode auto-1, semi-2, manual-3"
s8_autoWaterOn,BIT,{EtherLink1}1@D10097.0
s8_autoLightOn,BIT,{EtherLink1}1@D10098.0
s8_autoLightIntensity,WORD,{EtherLink1}1@D10099
s8_semiPVOn,BIT,{EtherLink1}1@D10100.0
s8_semiLightOn,BIT,{EtherLink1}1@D10101.0
s8_manuLightOn,BIT,{EtherLink1}1@D10102.0
s8_manuLightIntensity,WORD,{EtherLink1}1@D10103
s8_manuPVPos,WORD,{EtherLink1}1@D10104
s9_mode,WORD,{EtherLink1}1@D10108,"shelf_x mode auto-1, semi-2, manual-3"
s9_autoWaterOn,BIT,{EtherLink1}1@D10109.0
s9_autoLightOn,BIT,{EtherLink1}1@D10110.0
s9_autoLightIntensity,WORD,{EtherLink1}1@D10111
s9_semiPVOn,BIT,{EtherLink1}1@D10112.0
s9_semiLightOn,BIT,{EtherLink1}1@D10113.0
s9_manuLightOn,BIT,{EtherLink1}1@D10114.0
s9_manuLightIntensity,WORD,{EtherLink1}1@D10115
s9_manuPVPos,WORD,{EtherLink1}1@D10116
snsr_s0_wPres0_value,WORD,{EtherLink1}1@D12001
snsr_s0_wPres0_state,WORD,{EtherLink1}1@D12002
snsr_s0_wPres0_err_u,WORD,{EtherLink1}1@D12003
snsr_s0_wPres0_warn_u,WORD,{EtherLink1}1@D12004
snsr_s0_wPres0_warn_l,WORD,{EtherLink1}1@D12005
snsr_s0_wPres0_err_l,WORD,{EtherLink1}1@D12006
snsr_s0_wPres1_value,WORD,{EtherLink1}1@D12007
snsr_s0_wPres1_state,WORD,{EtherLink1}1@D12008
snsr_s0_wPres1_err_u,WORD,{EtherLink1}1@D12009
snsr_s0_wPres1_warn_u,WORD,{EtherLink1}1@D12010
snsr_s0_wPres1_warn_l,WORD,{EtherLink1}1@D12011
snsr_s0_wPres1_err_l,WORD,{EtherLink1}1@D12012
snsr_s0_wPres2_value,WORD,{EtherLink1}1@D12013
snsr_s0_wPres2_state,WORD,{EtherLink1}1@D12014
snsr_s0_wPres2_err_u,WORD,{EtherLink1}1@D12015
snsr_s0_wPres2_warn_u,WORD,{EtherLink1}1@D12016
snsr_s0_wPres2_warn_l,WORD,{EtherLink1}1@D12017
snsr_s0_wPres2_err_l,WORD,{EtherLink1}1@D12018
snsr_s0_wTemp0_value,WORD,{EtherLink1}1@D12019
snsr_s0_wTemp0_state,WORD,{EtherLink1}1@D12020
snsr_s0_wTemp0_err_u,WORD,{EtherLink1}1@D12021
snsr_s0_wTemp0_warn_u,WORD,{EtherLink1}1@D12022
snsr_s0_wTemp0_warn_l,WORD,{EtherLink1}1@D12023
snsr_s0_wTemp0_err_l,WORD,{EtherLink1}1@D12024
snsr_s0_wTemp1_value,WORD,{EtherLink1}1@D12025
snsr_s0_wTemp1_state,WORD,{EtherLink1}1@D12026
snsr_s0_wTemp1_err_u,WORD,{EtherLink1}1@D12027
snsr_s0_wTemp1_warn_u,WORD,{EtherLink1}1@D12028
snsr_s0_wTemp1_warn_l,WORD,{EtherLink1}1@D12029
snsr_s0_wTemp1_err_l,WORD,{EtherLink1}1@D12030
snsr_s1_wPres0_value,WORD,{EtherLink1}1@D12031
snsr_s1_wPres0_state,WORD,{EtherLink1}1@D12032
snsr_s1_wPres0_err_u,WORD,{EtherLink1}1@D12033
snsr_s1_wPres0_warn_u,WORD,{EtherLink1}1@D12034
snsr_s1_wPres0_warn_l,WORD,{EtherLink1}1@D12035
snsr_s1_wPres0_err_l,WORD,{EtherLink1}1@D12036
snsr_s1_wPres1_value,WORD,{EtherLink1}1@D12037
snsr_s1_wPres1_state,WORD,{EtherLink1}1@D12038
snsr_s1_wPres1_err_u,WORD,{EtherLink1}1@D12039
snsr_s1_wPres1_warn_u,WORD,{EtherLink1}1@D12040
snsr_s1_wPres1_warn_l,WORD,{EtherLink1}1@D12041
snsr_s1_wPres1_err_l,WORD,{EtherLink1}1@D12042
snsr_s1_wPres2_value,WORD,{EtherLink1}1@D12043
snsr_s1_wPres2_state,WORD,{EtherLink1}1@D12044
snsr_s1_wPres2_err_u,WORD,{EtherLink1}1@D12045
snsr_s1_wPres2_warn_u,WORD,{EtherLink1}1@D12046
snsr_s1_wPres2_warn_l,WORD,{EtherLink1}1@D12047
snsr_s1_wPres2_err_l,WORD,{EtherLink1}1@D12048
snsr_s1_wTemp0_value,WORD,{EtherLink1}1@D12049
snsr_s1_wTemp0_state,WORD,{EtherLink1}1@D12050
snsr_s1_wTemp0_err_u,WORD,{EtherLink1}1@D12051
snsr_s1_wTemp0_warn_u,WORD,{EtherLink1}1@D12052
snsr_s1_wTemp0_warn_l,WORD,{EtherLink1}1@D12053
snsr_s1_wTemp0_err_l,WORD,{EtherLink1}1@D12054
snsr_s1_wTemp1_value,WORD,{EtherLink1}1@D12055
snsr_s1_wTemp1_state,WORD,{EtherLink1}1@D12056
snsr_s1_wTemp1_err_u,WORD,{EtherLink1}1@D12057
snsr_s1_wTemp1_warn_u,WORD,{EtherLink1}1@D12058
snsr_s1_wTemp1_warn_l,WORD,{EtherLink1}1@D12059
snsr_s1_wTemp1_err_l,WORD,{EtherLink1}1@D12060
snsr_s2_wPres0_value,WORD,{EtherLink1}1@D12061
snsr_s2_wPres0_state,WORD,{EtherLink1}1@D12062
snsr_s2_wPres0_err_u,WORD,{EtherLink1}1@D12063
snsr_s2_wPres0_warn_u,WORD,{EtherLink1}1@D12064
snsr_s2_wPres0_warn_l,WORD,{EtherLink1}1@D12065
snsr_s2_wPres0_err_l,WORD,{EtherLink1}1@D12066
snsr_s2_wPres1_value,WORD,{EtherLink1}1@D12067
snsr_s2_wPres1_state,WORD,{EtherLink1}1@D12068
snsr_s2_wPres1_err_u,WORD,{EtherLink1}1@D12069
snsr_s2_wPres1_warn_u,WORD,{EtherLink1}1@D12070
snsr_s2_wPres1_warn_l,WORD,{EtherLink1}1@D12071
snsr_s2_wPres1_err_l,WORD,{EtherLink1}1@D12072
snsr_s2_wPres2_value,WORD,{EtherLink1}1@D12073
snsr_s2_wPres2_state,WORD,{EtherLink1}1@D12074
snsr_s2_wPres2_err_u,WORD,{EtherLink1}1@D12075
snsr_s2_wPres2_warn_u,WORD,{EtherLink1}1@D12076
snsr_s2_wPres2_warn_l,WORD,{EtherLink1}1@D12077
snsr_s2_wPres2_err_l,WORD,{EtherLink1}1@D12078
snsr_s2_wTemp0_value,WORD,{EtherLink1}1@D12079
snsr_s2_wTemp0_state,WORD,{EtherLink1}1@D12080
snsr_s2_wTemp0_err_u,WORD,{EtherLink1}1@D12081
snsr_s2_wTemp0_warn_u,WORD,{EtherLink1}1@D12082
snsr_s2_wTemp0_warn_l,WORD,{EtherLink1}1@D12083
snsr_s2_wTemp0_err_l,WORD,{EtherLink1}1@D12084
snsr_s2_wTemp1_value,WORD,{EtherLink1}1@D12085
snsr_s2_wTemp1_state,WORD,{EtherLink1}1@D12086
snsr_s2_wTemp1_err_u,WORD,{EtherLink1}1@D12087
snsr_s2_wTemp1_warn_u,WORD,{EtherLink1}1@D12088
snsr_s2_wTemp1_warn_l,WORD,{EtherLink1}1@D12089
snsr_s2_wTemp1_err_l,WORD,{EtherLink1}1@D12090
snsr_s3_wPres0_value,WORD,{EtherLink1}1@D12091
snsr_s3_wPres0_state,WORD,{EtherLink1}1@D12092
snsr_s3_wPres0_err_u,WORD,{EtherLink1}1@D12093
snsr_s3_wPres0_warn_u,WORD,{EtherLink1}1@D12094
snsr_s3_wPres0_warn_l,WORD,{EtherLink1}1@D12095
snsr_s3_wPres0_err_l,WORD,{EtherLink1}1@D12096
snsr_s3_wPres1_value,WORD,{EtherLink1}1@D12097
snsr_s3_wPres1_state,WORD,{EtherLink1}1@D12098
snsr_s3_wPres1_err_u,WORD,{EtherLink1}1@D12099
snsr_s3_wPres1_warn_u,WORD,{EtherLink1}1@D12100
snsr_s3_wPres1_warn_l,WORD,{EtherLink1}1@D12101
snsr_s3_wPres1_err_l,WORD,{EtherLink1}1@D12102
snsr_s3_wPres2_value,WORD,{EtherLink1}1@D12103
snsr_s3_wPres2_state,WORD,{EtherLink1}1@D12104
snsr_s3_wPres2_err_u,WORD,{EtherLink1}1@D12105
snsr_s3_wPres2_warn_u,WORD,{EtherLink1}1@D12106
snsr_s3_wPres2_warn_l,WORD,{EtherLink1}1@D12107
snsr_s3_wPres2_err_l,WORD,{EtherLink1}1@D12108
snsr_s3_wTemp0_value,WORD,{EtherLink1}1@D12109
snsr_s3_wTemp0_state,WORD,{EtherLink1}1@D12110
snsr_s3_wTemp0_err_u,WORD,{EtherLink1}1@D12111
snsr_s3_wTemp0_warn_u,WORD,{EtherLink1}1@D12112
snsr_s3_wTemp0_warn_l,WORD,{EtherLink1}1@D12113
snsr_s3_wTemp0_err_l,WORD,{EtherLink1}1@D12114
snsr_s3_wTemp1_value,WORD,{EtherLink1}1@D12115
snsr_s3_wTemp1_state,WORD,{EtherLink1}1@D12116
snsr_s3_wTemp1_err_u,WORD,{EtherLink1}1@D12117
snsr_s3_wTemp1_warn_u,WORD,{EtherLink1}1@D12118
snsr_s3_wTemp1_warn_l,WORD,{EtherLink1}1@D12119
snsr_s3_wTemp1_err_l,WORD,{EtherLink1}1@D12120
snsr_s4_wPres0_value,WORD,{EtherLink1}1@D12121
snsr_s4_wPres0_state,WORD,{EtherLink1}1@D12122
snsr_s4_wPres0_err_u,WORD,{EtherLink1}1@D12123
snsr_s4_wPres0_warn_u,WORD,{EtherLink1}1@D12124
snsr_s4_wPres0_warn_l,WORD,{EtherLink1}1@D12125
snsr_s4_wPres0_err_l,WORD,{EtherLink1}1@D12126
snsr_s4_wPres1_value,WORD,{EtherLink1}1@D12127
snsr_s4_wPres1_state,WORD,{EtherLink1}1@D12128
snsr_s4_wPres1_err_u,WORD,{EtherLink1}1@D12129
snsr_s4_wPres1_warn_u,WORD,{EtherLink1}1@D12130
snsr_s4_wPres1_warn_l,WORD,{EtherLink1}1@D12131
snsr_s4_wPres1_err_l,WORD,{EtherLink1}1@D12132
snsr_s4_wPres2_value,WORD,{EtherLink1}1@D12133
snsr_s4_wPres2_state,WORD,{EtherLink1}1@D12134
snsr_s4_wPres2_err_u,WORD,{EtherLink1}1@D12135
snsr_s4_wPres2_warn_u,WORD,{EtherLink1}1@D12136
snsr_s4_wPres2_warn_l,WORD,{EtherLink1}1@D12137
snsr_s4_wPres2_err_l,WORD,{EtherLink1}1@D12138
snsr_s4_wTemp0_value,WORD,{EtherLink1}1@D12139
snsr_s4_wTemp0_state,WORD,{EtherLink1}1@D12140
snsr_s4_wTemp0_err_u,WORD,{EtherLink1}1@D12141
snsr_s4_wTemp0_warn_u,WORD,{EtherLink1}1@D12142
snsr_s4_wTemp0_warn_l,WORD,{EtherLink1}1@D12143
snsr_s4_wTemp0_err_l,WORD,{EtherLink1}1@D12144
snsr_s4_wTemp1_value,WORD,{EtherLink1}1@D12145
snsr_s4_wTemp1_state,WORD,{EtherLink1}1@D12146
snsr_s4_wTemp1_err_u,WORD,{EtherLink1}1@D12147
snsr_s4_wTemp1_warn_u,WORD,{EtherLink1}1@D12148
snsr_s4_wTemp1_warn_l,WORD,{EtherLink1}1@D12149
snsr_s4_wTemp1_err_l,WORD,{EtherLink1}1@D12150
snsr_s5_wPres0_value,WORD,{EtherLink1}1@D12151
snsr_s5_wPres0_state,WORD,{EtherLink1}1@D12152
snsr_s5_wPres0_err_u,WORD,{EtherLink1}1@D12153
snsr_s5_wPres0_warn_u,WORD,{EtherLink1}1@D12154
snsr_s5_wPres0_warn_l,WORD,{EtherLink1}1@D12155
snsr_s5_wPres0_err_l,WORD,{EtherLink1}1@D12156
snsr_s5_wPres1_value,WORD,{EtherLink1}1@D12157
snsr_s5_wPres1_state,WORD,{EtherLink1}1@D12158
snsr_s5_wPres1_err_u,WORD,{EtherLink1}1@D12159
snsr_s5_wPres1_warn_u,WORD,{EtherLink1}1@D12160
snsr_s5_wPres1_warn_l,WORD,{EtherLink1}1@D12161
snsr_s5_wPres1_err_l,WORD,{EtherLink1}1@D12162
snsr_s5_wPres2_value,WORD,{EtherLink1}1@D12163
snsr_s5_wPres2_state,WORD,{EtherLink1}1@D12164
snsr_s5_wPres2_err_u,WORD,{EtherLink1}1@D12165
snsr_s5_wPres2_warn_u,WORD,{EtherLink1}1@D12166
snsr_s5_wPres2_warn_l,WORD,{EtherLink1}1@D12167
snsr_s5_wPres2_err_l,WORD,{EtherLink1}1@D12168
snsr_s5_wTemp0_value,WORD,{EtherLink1}1@D12169
snsr_s5_wTemp0_state,WORD,{EtherLink1}1@D12170
snsr_s5_wTemp0_err_u,WORD,{EtherLink1}1@D12171
snsr_s5_wTemp0_warn_u,WORD,{EtherLink1}1@D12172
snsr_s5_wTemp0_warn_l,WORD,{EtherLink1}1@D12173
snsr_s5_wTemp0_err_l,WORD,{EtherLink1}1@D12174
snsr_s5_wTemp1_value,WORD,{EtherLink1}1@D12175
snsr_s5_wTemp1_state,WORD,{EtherLink1}1@D12176
snsr_s5_wTemp1_err_u,WORD,{EtherLink1}1@D12177
snsr_s5_wTemp1_warn_u,WORD,{EtherLink1}1@D12178
snsr_s5_wTemp1_warn_l,WORD,{EtherLink1}1@D12179
snsr_s5_wTemp1_err_l,WORD,{EtherLink1}1@D12180
snsr_s6_wPres0_value,WORD,{EtherLink1}1@D12181
snsr_s6_wPres0_state,WORD,{EtherLink1}1@D12182
snsr_s6_wPres0_err_u,WORD,{EtherLink1}1@D12183
snsr_s6_wPres0_warn_u,WORD,{EtherLink1}1@D12184
snsr_s6_wPres0_warn_l,WORD,{EtherLink1}1@D12185
snsr_s6_wPres0_err_l,WORD,{EtherLink1}1@D12186
snsr_s6_wPres1_value,WORD,{EtherLink1}1@D12187
snsr_s6_wPres1_state,WORD,{EtherLink1}1@D12188
snsr_s6_wPres1_err_u,WORD,{EtherLink1}1@D12189
snsr_s6_wPres1_warn_u,WORD,{EtherLink1}1@D12190
snsr_s6_wPres1_warn_l,WORD,{EtherLink1}1@D12191
snsr_s6_wPres1_err_l,WORD,{EtherLink1}1@D12192
snsr_s6_wPres2_value,WORD,{EtherLink1}1@D12193
snsr_s6_wPres2_state,WORD,{EtherLink1}1@D12194
snsr_s6_wPres2_err_u,WORD,{EtherLink1}1@D12195
snsr_s6_wPres2_warn_u,WORD,{EtherLink1}1@D12196
snsr_s6_wPres2_warn_l,WORD,{EtherLink1}1@D12197
snsr_s6_wPres2_err_l,WORD,{EtherLink1}1@D12198
snsr_s6_wTemp0_value,WORD,{EtherLink1}1@D12199
snsr_s6_wTemp0_state,WORD,{EtherLink1}1@D12200
snsr_s6_wTemp0_err_u,WORD,{EtherLink1}1@D12201
snsr_s6_wTemp0_warn_u,WORD,{EtherLink1}1@D12202
snsr_s6_wTemp0_warn_l,WORD,{EtherLink1}1@D12203
snsr_s6_wTemp0_err_l,WORD,{EtherLink1}1@D12204
snsr_s6_wTemp1_value,WORD,{EtherLink1}1@D12205
snsr_s6_wTemp1_state,WORD,{EtherLink1}1@D12206
snsr_s6_wTemp1_err_u,WORD,{EtherLink1}1@D12207
snsr_s6_wTemp1_warn_u,WORD,{EtherLink1}1@D12208
snsr_s6_wTemp1_warn_l,WORD,{EtherLink1}1@D12209
snsr_s6_wTemp1_err_l,WORD,{EtherLink1}1@D12210
snsr_s7_wPres0_value,WORD,{EtherLink1}1@D12211
snsr_s7_wPres0_state,WORD,{EtherLink1}1@D12212
snsr_s7_wPres0_err_u,WORD,{EtherLink1}1@D12213
snsr_s7_wPres0_warn_u,WORD,{EtherLink1}1@D12214
snsr_s7_wPres0_warn_l,WORD,{EtherLink1}1@D12215
snsr_s7_wPres0_err_l,WORD,{EtherLink1}1@D12216
snsr_s7_wPres1_value,WORD,{EtherLink1}1@D12217
snsr_s7_wPres1_state,WORD,{EtherLink1}1@D12218
snsr_s7_wPres1_err_u,WORD,{EtherLink1}1@D12219
snsr_s7_wPres1_warn_u,WORD,{EtherLink1}1@D12220
snsr_s7_wPres1_warn_l,WORD,{EtherLink1}1@D12221
snsr_s7_wPres1_err_l,WORD,{EtherLink1}1@D12222
snsr_s7_wPres2_value,WORD,{EtherLink1}1@D12223
snsr_s7_wPres2_state,WORD,{EtherLink1}1@D12224
snsr_s7_wPres2_err_u,WORD,{EtherLink1}1@D12225
snsr_s7_wPres2_warn_u,WORD,{EtherLink1}1@D12226
snsr_s7_wPres2_warn_l,WORD,{EtherLink1}1@D12227
snsr_s7_wPres2_err_l,WORD,{EtherLink1}1@D12228
snsr_s7_wTemp0_value,WORD,{EtherLink1}1@D12229
snsr_s7_wTemp0_state,WORD,{EtherLink1}1@D12230
snsr_s7_wTemp0_err_u,WORD,{EtherLink1}1@D12231
snsr_s7_wTemp0_warn_u,WORD,{EtherLink1}1@D12232
snsr_s7_wTemp0_warn_l,WORD,{EtherLink1}1@D12233
snsr_s7_wTemp0_err_l,WORD,{EtherLink1}1@D12234
snsr_s7_wTemp1_value,WORD,{EtherLink1}1@D12235
snsr_s7_wTemp1_state,WORD,{EtherLink1}1@D12236
snsr_s7_wTemp1_err_u,WORD,{EtherLink1}1@D12237
snsr_s7_wTemp1_warn_u,WORD,{EtherLink1}1@D12238
snsr_s7_wTemp1_warn_l,WORD,{EtherLink1}1@D12239
snsr_s7_wTemp1_err_l,WORD,{EtherLink1}1@D12240
snsr_s8_wPres0_value,WORD,{EtherLink1}1@D12241
snsr_s8_wPres0_state,WORD,{EtherLink1}1@D12242
snsr_s8_wPres0_err_u,WORD,{EtherLink1}1@D12243
snsr_s8_wPres0_warn_u,WORD,{EtherLink1}1@D12244
snsr_s8_wPres0_warn_l,WORD,{EtherLink1}1@D12245
snsr_s8_wPres0_err_l,WORD,{EtherLink1}1@D12246
snsr_s8_wPres1_value,WORD,{EtherLink1}1@D12247
snsr_s8_wPres1_state,WORD,{EtherLink1}1@D12248
snsr_s8_wPres1_err_u,WORD,{EtherLink1}1@D12249
snsr_s8_wPres1_warn_u,WORD,{EtherLink1}1@D12250
snsr_s8_wPres1_warn_l,WORD,{EtherLink1}1@D12251
snsr_s8_wPres1_err_l,WORD,{EtherLink1}1@D12252
snsr_s8_wPres2_value,WORD,{EtherLink1}1@D12253
snsr_s8_wPres2_state,WORD,{EtherLink1}1@D12254
snsr_s8_wPres2_err_u,WORD,{EtherLink1}1@D12255
snsr_s8_wPres2_warn_u,WORD,{EtherLink1}1@D12256
snsr_s8_wPres2_warn_l,WORD,{EtherLink1}1@D12257
snsr_s8_wPres2_err_l,WORD,{EtherLink1}1@D12258
snsr_s8_wTemp0_value,WORD,{EtherLink1}1@D12259
snsr_s8_wTemp0_state,WORD,{EtherLink1}1@D12260
snsr_s8_wTemp0_err_u,WORD,{EtherLink1}1@D12261
snsr_s8_wTemp0_warn_u,WORD,{EtherLink1}1@D12262
snsr_s8_wTemp0_warn_l,WORD,{EtherLink1}1@D12263
snsr_s8_wTemp0_err_l,WORD,{EtherLink1}1@D12264
snsr_s8_wTemp1_value,WORD,{EtherLink1}1@D12265
snsr_s8_wTemp1_state,WORD,{EtherLink1}1@D12266
snsr_s8_wTemp1_err_u,WORD,{EtherLink1}1@D12267
snsr_s8_wTemp1_warn_u,WORD,{EtherLink1}1@D12268
snsr_s8_wTemp1_warn_l,WORD,{EtherLink1}1@D12269
snsr_s8_wTemp1_err_l,WORD,{EtherLink1}1@D12270
snsr_s9_wPres0_value,WORD,{EtherLink1}1@D12271
snsr_s9_wPres0_state,WORD,{EtherLink1}1@D12272
snsr_s9_wPres0_err_u,WORD,{EtherLink1}1@D12273
snsr_s9_wPres0_warn_u,WORD,{EtherLink1}1@D12274
snsr_s9_wPres0_warn_l,WORD,{EtherLink1}1@D12275
snsr_s9_wPres0_err_l,WORD,{EtherLink1}1@D12276
snsr_s9_wPres1_value,WORD,{EtherLink1}1@D12277
snsr_s9_wPres1_state,WORD,{EtherLink1}1@D12278
snsr_s9_wPres1_err_u,WORD,{EtherLink1}1@D12279
snsr_s9_wPres1_warn_u,WORD,{EtherLink1}1@D12280
snsr_s9_wPres1_warn_l,WORD,{EtherLink1}1@D12281
snsr_s9_wPres1_err_l,WORD,{EtherLink1}1@D12282
snsr_s9_wPres2_value,WORD,{EtherLink1}1@D12283
snsr_s9_wPres2_state,WORD,{EtherLink1}1@D12284
snsr_s9_wPres2_err_u,WORD,{EtherLink1}1@D12285
snsr_s9_wPres2_warn_u,WORD,{EtherLink1}1@D12286
snsr_s9_wPres2_warn_l,WORD,{EtherLink1}1@D12287
snsr_s9_wPres2_err_l,WORD,{EtherLink1}1@D12288
snsr_s9_wTemp0_value,WORD,{EtherLink1}1@D12289
snsr_s9_wTemp0_state,WORD,{EtherLink1}1@D12290
snsr_s9_wTemp0_err_u,WORD,{EtherLink1}1@D12291
snsr_s9_wTemp0_warn_u,WORD,{EtherLink1}1@D12292
snsr_s9_wTemp0_warn_l,WORD,{EtherLink1}1@D12293
snsr_s9_wTemp0_err_l,WORD,{EtherLink1}1@D12294
snsr_s9_wTemp1_value,WORD,{EtherLink1}1@D12295
snsr_s9_wTemp1_state,WORD,{EtherLink1}1@D12296
snsr_s9_wTemp1_err_u,WORD,{EtherLink1}1@D12297
snsr_s9_wTemp1_warn_u,WORD,{EtherLink1}1@D12298
snsr_s9_wTemp1_warn_l,WORD,{EtherLink1}1@D12299
snsr_s9_wTemp1_err_l,WORD,{EtherLink1}1@D12300
snsr_wFlow0_value,WORD,{EtherLink1}1@D12301
snsr_wFlow0_state,WORD,{EtherLink1}1@D12302
snsr_wFlow0_err_u,WORD,{EtherLink1}1@D12303
snsr_wFlow0_warn_u,WORD,{EtherLink1}1@D12304
snsr_wFlow0_warn_l,WORD,{EtherLink1}1@D12305
snsr_wFlow0_err_l,WORD,{EtherLink1}1@D12306
snsr_wFlow1_value,WORD,{EtherLink1}1@D12307
snsr_wFlow1_state,WORD,{EtherLink1}1@D12308
snsr_wFlow1_err_u,WORD,{EtherLink1}1@D12309
snsr_wFlow1_warn_u,WORD,{EtherLink1}1@D12310
snsr_wFlow1_warn_l,WORD,{EtherLink1}1@D12311
snsr_wFlow1_err_l,WORD,{EtherLink1}1@D12312
snsr_aFlow0_value,WORD,{EtherLink1}1@D12313
snsr_aFlow0_state,WORD,{EtherLink1}1@D12314
snsr_aFlow0_err_u,WORD,{EtherLink1}1@D12315
snsr_aFlow0_warn_u,WORD,{EtherLink1}1@D12316
snsr_aFlow0_warn_l,WORD,{EtherLink1}1@D12317
snsr_aFlow0_err_l,WORD,{EtherLink1}1@D12318
snsr_aFlow1_value,WORD,{EtherLink1}1@D12319
snsr_aFlow1_state,WORD,{EtherLink1}1@D12320
snsr_aFlow1_err_u,WORD,{EtherLink1}1@D12321
snsr_aFlow1_warn_u,WORD,{EtherLink1}1@D12322
snsr_aFlow1_warn_l,WORD,{EtherLink1}1@D12323
snsr_aFlow1_err_l,WORD,{EtherLink1}1@D12324
snsr_aFlow2_value,WORD,{EtherLink1}1@D12325
snsr_aFlow2_state,WORD,{EtherLink1}1@D12326
snsr_aFlow2_err_u,WORD,{EtherLink1}1@D12327
snsr_aFlow2_warn_u,WORD,{EtherLink1}1@D12328
snsr_aFlow2_warn_l,WORD,{EtherLink1}1@D12329
snsr_aFlow2_err_l,WORD,{EtherLink1}1@D12330
snsr_aFlow3_value,WORD,{EtherLink1}1@D12331
snsr_aFlow3_state,WORD,{EtherLink1}1@D12332
snsr_aFlow3_err_u,WORD,{EtherLink1}1@D12333
snsr_aFlow3_warn_u,WORD,{EtherLink1}1@D12334
snsr_aFlow3_warn_l,WORD,{EtherLink1}1@D12335
snsr_aFlow3_err_l,WORD,{EtherLink1}1@D12336
snsr_aFlow4_value,WORD,{EtherLink1}1@D12337
snsr_aFlow4_state,WORD,{EtherLink1}1@D12338
snsr_aFlow4_err_u,WORD,{EtherLink1}1@D12339
snsr_aFlow4_warn_u,WORD,{EtherLink1}1@D12340
snsr_aFlow4_warn_l,WORD,{EtherLink1}1@D12341
snsr_aFlow4_err_l,WORD,{EtherLink1}1@D12342
snsr_aFlow5_value,WORD,{EtherLink1}1@D12343
snsr_aFlow5_state,WORD,{EtherLink1}1@D12344
snsr_aFlow5_err_u,WORD,{EtherLink1}1@D12345
snsr_aFlow5_warn_u,WORD,{EtherLink1}1@D12346
snsr_aFlow5_warn_l,WORD,{EtherLink1}1@D12347
snsr_aFlow5_err_l,WORD,{EtherLink1}1@D12348
snsr_aFlow6_value,WORD,{EtherLink1}1@D12349
snsr_aFlow6_state,WORD,{EtherLink1}1@D12350
snsr_aFlow6_err_u,WORD,{EtherLink1}1@D12351
snsr_aFlow6_warn_u,WORD,{EtherLink1}1@D12352
snsr_aFlow6_warn_l,WORD,{EtherLink1}1@D12353
snsr_aFlow6_err_l,WORD,{EtherLink1}1@D12354
snsr_aFlow7_value,WORD,{EtherLink1}1@D12355
snsr_aFlow7_state,WORD,{EtherLink1}1@D12356
snsr_aFlow7_err_u,WORD,{EtherLink1}1@D12357
snsr_aFlow7_warn_u,WORD,{EtherLink1}1@D12358
snsr_aFlow7_warn_l,WORD,{EtherLink1}1@D12359
snsr_aFlow7_err_l,WORD,{EtherLink1}1@D12360
snsr_aFlow8_value,WORD,{EtherLink1}1@D12361
snsr_aFlow8_state,WORD,{EtherLink1}1@D12362
snsr_aFlow8_err_u,WORD,{EtherLink1}1@D12363
snsr_aFlow8_warn_u,WORD,{EtherLink1}1@D12364
snsr_aFlow8_warn_l,WORD,{EtherLink1}1@D12365
snsr_aFlow8_err_l,WORD,{EtherLink1}1@D12366
snsr_aFlow9_value,WORD,{EtherLink1}1@D12367
snsr_aFlow9_state,WORD,{EtherLink1}1@D12368
snsr_aFlow9_err_u,WORD,{EtherLink1}1@D12369
snsr_aFlow9_warn_u,WORD,{EtherLink1}1@D12370
snsr_aFlow9_warn_l,WORD,{EtherLink1}1@D12371
snsr_aFlow9_err_l,WORD,{EtherLink1}1@D12372
snsr_aFlow10_value,WORD,{EtherLink1}1@D12373
snsr_aFlow10_state,WORD,{EtherLink1}1@D12374
snsr_aFlow10_err_u,WORD,{EtherLink1}1@D12375
snsr_aFlow10_warn_u,WORD,{EtherLink1}1@D12376
snsr_aFlow10_warn_l,WORD,{EtherLink1}1@D12377
snsr_aFlow10_err_l,WORD,{EtherLink1}1@D12378
snsr_aFlow11_value,WORD,{EtherLink1}1@D12379
snsr_aFlow11_state,WORD,{EtherLink1}1@D12380
snsr_aFlow11_err_u,WORD,{EtherLink1}1@D12381
snsr_aFlow11_warn_u,WORD,{EtherLink1}1@D12382
snsr_aFlow11_warn_l,WORD,{EtherLink1}1@D12383
snsr_aFlow11_err_l,WORD,{EtherLink1}1@D12384
snsr_aFlow12_value,WORD,{EtherLink1}1@D12385
snsr_aFlow12_state,WORD,{EtherLink1}1@D12386
snsr_aFlow12_err_u,WORD,{EtherLink1}1@D12387
snsr_aFlow12_warn_u,WORD,{EtherLink1}1@D12388
snsr_aFlow12_warn_l,WORD,{EtherLink1}1@D12389
snsr_aFlow12_err_l,WORD,{EtherLink1}1@D12390
snsr_aFlow13_value,WORD,{EtherLink1}1@D12391
snsr_aFlow13_state,WORD,{EtherLink1}1@D12392
snsr_aFlow13_err_u,WORD,{EtherLink1}1@D12393
snsr_aFlow13_warn_u,WORD,{EtherLink1}1@D12394
snsr_aFlow13_warn_l,WORD,{EtherLink1}1@D12395
snsr_aFlow13_err_l,WORD,{EtherLink1}1@D12396
snsr_aFlow14_value,WORD,{EtherLink1}1@D12397
snsr_aFlow14_state,WORD,{EtherLink1}1@D12398
snsr_aFlow14_err_u,WORD,{EtherLink1}1@D12399
snsr_aFlow14_warn_u,WORD,{EtherLink1}1@D12400
snsr_aFlow14_warn_l,WORD,{EtherLink1}1@D12401
snsr_aFlow14_err_l,WORD,{EtherLink1}1@D12402
snsr_aFlow15_value,WORD,{EtherLink1}1@D12403
snsr_aFlow15_state,WORD,{EtherLink1}1@D12404
snsr_aFlow15_err_u,WORD,{EtherLink1}1@D12405
snsr_aFlow15_warn_u,WORD,{EtherLink1}1@D12406
snsr_aFlow15_warn_l,WORD,{EtherLink1}1@D12407
snsr_aFlow15_err_l,WORD,{EtherLink1}1@D12408
snsr_aFlow16_value,WORD,{EtherLink1}1@D12409
snsr_aFlow16_state,WORD,{EtherLink1}1@D12410
snsr_aFlow16_err_u,WORD,{EtherLink1}1@D12411
snsr_aFlow16_warn_u,WORD,{EtherLink1}1@D12412
snsr_aFlow16_warn_l,WORD,{EtherLink1}1@D12413
snsr_aFlow16_err_l,WORD,{EtherLink1}1@D12414
snsr_aFlow17_value,WORD,{EtherLink1}1@D12415
snsr_aFlow17_state,WORD,{EtherLink1}1@D12416
snsr_aFlow17_err_u,WORD,{EtherLink1}1@D12417
snsr_aFlow17_warn_u,WORD,{EtherLink1}1@D12418
snsr_aFlow17_warn_l,WORD,{EtherLink1}1@D12419
snsr_aFlow17_err_l,WORD,{EtherLink1}1@D12420
snsr_aFlow18_value,WORD,{EtherLink1}1@D12421
snsr_aFlow18_state,WORD,{EtherLink1}1@D12422
snsr_aFlow18_err_u,WORD,{EtherLink1}1@D12423
snsr_aFlow18_warn_u,WORD,{EtherLink1}1@D12424
snsr_aFlow18_warn_l,WORD,{EtherLink1}1@D12425
snsr_aFlow18_err_l,WORD,{EtherLink1}1@D12426
snsr_aFlow19_value,WORD,{EtherLink1}1@D12427
snsr_aFlow19_state,WORD,{EtherLink1}1@D12428
snsr_aFlow19_err_u,WORD,{EtherLink1}1@D12429
snsr_aFlow19_warn_u,WORD,{EtherLink1}1@D12430
snsr_aFlow19_warn_l,WORD,{EtherLink1}1@D12431
snsr_aFlow19_err_l,WORD,{EtherLink1}1@D12432
snsr_aFlow20_value,WORD,{EtherLink1}1@D12433
snsr_aFlow20_state,WORD,{EtherLink1}1@D12434
snsr_aFlow20_err_u,WORD,{EtherLink1}1@D12435
snsr_aFlow20_warn_u,WORD,{EtherLink1}1@D12436
snsr_aFlow20_warn_l,WORD,{EtherLink1}1@D12437
snsr_aFlow20_err_l,WORD,{EtherLink1}1@D12438
snsr_aFlow21_value,WORD,{EtherLink1}1@D12439
snsr_aFlow21_state,WORD,{EtherLink1}1@D12440
snsr_aFlow21_err_u,WORD,{EtherLink1}1@D12441
snsr_aFlow21_warn_u,WORD,{EtherLink1}1@D12442
snsr_aFlow21_warn_l,WORD,{EtherLink1}1@D12443
snsr_aFlow21_err_l,WORD,{EtherLink1}1@D12444
snsr_aFlow22_value,WORD,{EtherLink1}1@D12445
snsr_aFlow22_state,WORD,{EtherLink1}1@D12446
snsr_aFlow22_err_u,WORD,{EtherLink1}1@D12447
snsr_aFlow22_warn_u,WORD,{EtherLink1}1@D12448
snsr_aFlow22_warn_l,WORD,{EtherLink1}1@D12449
snsr_aFlow22_err_l,WORD,{EtherLink1}1@D12450
snsr_aFlow23_value,WORD,{EtherLink1}1@D12451
snsr_aFlow23_state,WORD,{EtherLink1}1@D12452
snsr_aFlow23_err_u,WORD,{EtherLink1}1@D12453
snsr_aFlow23_warn_u,WORD,{EtherLink1}1@D12454
snsr_aFlow23_warn_l,WORD,{EtherLink1}1@D12455
snsr_aFlow23_err_l,WORD,{EtherLink1}1@D12456
snsr_aFlow24_value,WORD,{EtherLink1}1@D12457
snsr_aFlow24_state,WORD,{EtherLink1}1@D12458
snsr_aFlow24_err_u,WORD,{EtherLink1}1@D12459
snsr_aFlow24_warn_u,WORD,{EtherLink1}1@D12460
snsr_aFlow24_warn_l,WORD,{EtherLink1}1@D12461
snsr_aFlow24_err_l,WORD,{EtherLink1}1@D12462
snsr_aTemp0_value,WORD,{EtherLink1}1@D12463
snsr_aTemp0_state,WORD,{EtherLink1}1@D12464
snsr_aTemp0_err_u,WORD,{EtherLink1}1@D12465
snsr_aTemp0_warn_u,WORD,{EtherLink1}1@D12466
snsr_aTemp0_warn_l,WORD,{EtherLink1}1@D12467
snsr_aTemp0_err_l,WORD,{EtherLink1}1@D12468
snsr_aTemp1_value,WORD,{EtherLink1}1@D12469
snsr_aTemp1_state,WORD,{EtherLink1}1@D12470
snsr_aTemp1_err_u,WORD,{EtherLink1}1@D12471
snsr_aTemp1_warn_u,WORD,{EtherLink1}1@D12472
snsr_aTemp1_warn_l,WORD,{EtherLink1}1@D12473
snsr_aTemp1_err_l,WORD,{EtherLink1}1@D12474
snsr_aTemp2_value,WORD,{EtherLink1}1@D12475
snsr_aTemp2_state,WORD,{EtherLink1}1@D12476
snsr_aTemp2_err_u,WORD,{EtherLink1}1@D12477
snsr_aTemp2_warn_u,WORD,{EtherLink1}1@D12478
snsr_aTemp2_warn_l,WORD,{EtherLink1}1@D12479
snsr_aTemp2_err_l,WORD,{EtherLink1}1@D12480
snsr_aTemp3_value,WORD,{EtherLink1}1@D12481
snsr_aTemp3_state,WORD,{EtherLink1}1@D12482
snsr_aTemp3_err_u,WORD,{EtherLink1}1@D12483
snsr_aTemp3_warn_u,WORD,{EtherLink1}1@D12484
snsr_aTemp3_warn_l,WORD,{EtherLink1}1@D12485
snsr_aTemp3_err_l,WORD,{EtherLink1}1@D12486
snsr_aTemp4_value,WORD,{EtherLink1}1@D12487
snsr_aTemp4_state,WORD,{EtherLink1}1@D12488
snsr_aTemp4_err_u,WORD,{EtherLink1}1@D12489
snsr_aTemp4_warn_u,WORD,{EtherLink1}1@D12490
snsr_aTemp4_warn_l,WORD,{EtherLink1}1@D12491
snsr_aTemp4_err_l,WORD,{EtherLink1}1@D12492
snsr_aTemp5_value,WORD,{EtherLink1}1@D12493
snsr_aTemp5_state,WORD,{EtherLink1}1@D12494
snsr_aTemp5_err_u,WORD,{EtherLink1}1@D12495
snsr_aTemp5_warn_u,WORD,{EtherLink1}1@D12496
snsr_aTemp5_warn_l,WORD,{EtherLink1}1@D12497
snsr_aTemp5_err_l,WORD,{EtherLink1}1@D12498
snsr_aTemp6_value,WORD,{EtherLink1}1@D12499
snsr_aTemp6_state,WORD,{EtherLink1}1@D12500
snsr_aTemp6_err_u,WORD,{EtherLink1}1@D12501
snsr_aTemp6_warn_u,WORD,{EtherLink1}1@D12502
snsr_aTemp6_warn_l,WORD,{EtherLink1}1@D12503
snsr_aTemp6_err_l,WORD,{EtherLink1}1@D12504
snsr_aTemp7_value,WORD,{EtherLink1}1@D12505
snsr_aTemp7_state,WORD,{EtherLink1}1@D12506
snsr_aTemp7_err_u,WORD,{EtherLink1}1@D12507
snsr_aTemp7_warn_u,WORD,{EtherLink1}1@D12508
snsr_aTemp7_warn_l,WORD,{EtherLink1}1@D12509
snsr_aTemp7_err_l,WORD,{EtherLink1}1@D12510
snsr_aTemp8_value,WORD,{EtherLink1}1@D12511
snsr_aTemp8_state,WORD,{EtherLink1}1@D12512
snsr_aTemp8_err_u,WORD,{EtherLink1}1@D12513
snsr_aTemp8_warn_u,WORD,{EtherLink1}1@D12514
snsr_aTemp8_warn_l,WORD,{EtherLink1}1@D12515
snsr_aTemp8_err_l,WORD,{EtherLink1}1@D12516
snsr_aTemp9_value,WORD,{EtherLink1}1@D12517
snsr_aTemp9_state,WORD,{EtherLink1}1@D12518
snsr_aTemp9_err_u,WORD,{EtherLink1}1@D12519
snsr_aTemp9_warn_u,WORD,{EtherLink1}1@D12520
snsr_aTemp9_warn_l,WORD,{EtherLink1}1@D12521
snsr_aTemp9_err_l,WORD,{EtherLink1}1@D12522
snsr_aTemp10_value,WORD,{EtherLink1}1@D12523
snsr_aTemp10_state,WORD,{EtherLink1}1@D12524
snsr_aTemp10_err_u,WORD,{EtherLink1}1@D12525
snsr_aTemp10_warn_u,WORD,{EtherLink1}1@D12526
snsr_aTemp10_warn_l,WORD,{EtherLink1}1@D12527
snsr_aTemp10_err_l,WORD,{EtherLink1}1@D12528
snsr_aTemp11_value,WORD,{EtherLink1}1@D12529
snsr_aTemp11_state,WORD,{EtherLink1}1@D12530
snsr_aTemp11_err_u,WORD,{EtherLink1}1@D12531
snsr_aTemp11_warn_u,WORD,{EtherLink1}1@D12532
snsr_aTemp11_warn_l,WORD,{EtherLink1}1@D12533
snsr_aTemp11_err_l,WORD,{EtherLink1}1@D12534
snsr_aTemp12_value,WORD,{EtherLink1}1@D12535
snsr_aTemp12_state,WORD,{EtherLink1}1@D12536
snsr_aTemp12_err_u,WORD,{EtherLink1}1@D12537
snsr_aTemp12_warn_u,WORD,{EtherLink1}1@D12538
snsr_aTemp12_warn_l,WORD,{EtherLink1}1@D12539
snsr_aTemp12_err_l,WORD,{EtherLink1}1@D12540
snsr_aTemp13_value,WORD,{EtherLink1}1@D12541
snsr_aTemp13_state,WORD,{EtherLink1}1@D12542
snsr_aTemp13_err_u,WORD,{EtherLink1}1@D12543
snsr_aTemp13_warn_u,WORD,{EtherLink1}1@D12544
snsr_aTemp13_warn_l,WORD,{EtherLink1}1@D12545
snsr_aTemp13_err_l,WORD,{EtherLink1}1@D12546
snsr_aTemp14_value,WORD,{EtherLink1}1@D12547
snsr_aTemp14_state,WORD,{EtherLink1}1@D12548
snsr_aTemp14_err_u,WORD,{EtherLink1}1@D12549
snsr_aTemp14_warn_u,WORD,{EtherLink1}1@D12550
snsr_aTemp14_warn_l,WORD,{EtherLink1}1@D12551
snsr_aTemp14_err_l,WORD,{EtherLink1}1@D12552
snsr_aTemp15_value,WORD,{EtherLink1}1@D12553
snsr_aTemp15_state,WORD,{EtherLink1}1@D12554
snsr_aTemp15_err_u,WORD,{EtherLink1}1@D12555
snsr_aTemp15_warn_u,WORD,{EtherLink1}1@D12556
snsr_aTemp15_warn_l,WORD,{EtherLink1}1@D12557
snsr_aTemp15_err_l,WORD,{EtherLink1}1@D12558
snsr_aTemp16_value,WORD,{EtherLink1}1@D12559
snsr_aTemp16_state,WORD,{EtherLink1}1@D12560
snsr_aTemp16_err_u,WORD,{EtherLink1}1@D12561
snsr_aTemp16_warn_u,WORD,{EtherLink1}1@D12562
snsr_aTemp16_warn_l,WORD,{EtherLink1}1@D12563
snsr_aTemp16_err_l,WORD,{EtherLink1}1@D12564
snsr_aTemp17_value,WORD,{EtherLink1}1@D12565
snsr_aTemp17_state,WORD,{EtherLink1}1@D12566
snsr_aTemp17_err_u,WORD,{EtherLink1}1@D12567
snsr_aTemp17_warn_u,WORD,{EtherLink1}1@D12568
snsr_aTemp17_warn_l,WORD,{EtherLink1}1@D12569
snsr_aTemp17_err_l,WORD,{EtherLink1}1@D12570
snsr_aTemp18_value,WORD,{EtherLink1}1@D12571
snsr_aTemp18_state,WORD,{EtherLink1}1@D12572
snsr_aTemp18_err_u,WORD,{EtherLink1}1@D12573
snsr_aTemp18_warn_u,WORD,{EtherLink1}1@D12574
snsr_aTemp18_warn_l,WORD,{EtherLink1}1@D12575
snsr_aTemp18_err_l,WORD,{EtherLink1}1@D12576
snsr_aTemp19_value,WORD,{EtherLink1}1@D12577
snsr_aTemp19_state,WORD,{EtherLink1}1@D12578
snsr_aTemp19_err_u,WORD,{EtherLink1}1@D12579
snsr_aTemp19_warn_u,WORD,{EtherLink1}1@D12580
snsr_aTemp19_warn_l,WORD,{EtherLink1}1@D12581
snsr_aTemp19_err_l,WORD,{EtherLink1}1@D12582
snsr_aTemp20_value,WORD,{EtherLink1}1@D12583
snsr_aTemp20_state,WORD,{EtherLink1}1@D12584
snsr_aTemp20_err_u,WORD,{EtherLink1}1@D12585
snsr_aTemp20_warn_u,WORD,{EtherLink1}1@D12586
snsr_aTemp20_warn_l,WORD,{EtherLink1}1@D12587
snsr_aTemp20_err_l,WORD,{EtherLink1}1@D12588
snsr_aTemp21_value,WORD,{EtherLink1}1@D12589
snsr_aTemp21_state,WORD,{EtherLink1}1@D12590
snsr_aTemp21_err_u,WORD,{EtherLink1}1@D12591
snsr_aTemp21_warn_u,WORD,{EtherLink1}1@D12592
snsr_aTemp21_warn_l,WORD,{EtherLink1}1@D12593
snsr_aTemp21_err_l,WORD,{EtherLink1}1@D12594
snsr_aTemp22_value,WORD,{EtherLink1}1@D12595
snsr_aTemp22_state,WORD,{EtherLink1}1@D12596
snsr_aTemp22_err_u,WORD,{EtherLink1}1@D12597
snsr_aTemp22_warn_u,WORD,{EtherLink1}1@D12598
snsr_aTemp22_warn_l,WORD,{EtherLink1}1@D12599
snsr_aTemp22_err_l,WORD,{EtherLink1}1@D12600
snsr_aTemp23_value,WORD,{EtherLink1}1@D12601
snsr_aTemp23_state,WORD,{EtherLink1}1@D12602
snsr_aTemp23_err_u,WORD,{EtherLink1}1@D12603
snsr_aTemp23_warn_u,WORD,{EtherLink1}1@D12604
snsr_aTemp23_warn_l,WORD,{EtherLink1}1@D12605
snsr_aTemp23_err_l,WORD,{EtherLink1}1@D12606
snsr_aTemp24_value,WORD,{EtherLink1}1@D12607
snsr_aTemp24_state,WORD,{EtherLink1}1@D12608
snsr_aTemp24_err_u,WORD,{EtherLink1}1@D12609
snsr_aTemp24_warn_u,WORD,{EtherLink1}1@D12610
snsr_aTemp24_warn_l,WORD,{EtherLink1}1@D12611
snsr_aTemp24_err_l,WORD,{EtherLink1}1@D12612
snsr_aCO2_0_value,WORD,{EtherLink1}1@D12613
snsr_aCO2_0_state,WORD,{EtherLink1}1@D12614
snsr_aCO2_0_err_u,WORD,{EtherLink1}1@D12615
snsr_aCO2_0_warn_u,WORD,{EtherLink1}1@D12616
snsr_aCO2_0_warn_l,WORD,{EtherLink1}1@D12617
snsr_aCO2_0_err_l,WORD,{EtherLink1}1@D12618
snsr_aCO2_1_value,WORD,{EtherLink1}1@D12619
snsr_aCO2_1_state,WORD,{EtherLink1}1@D12620
snsr_aCO2_1_err_u,WORD,{EtherLink1}1@D12621
snsr_aCO2_1_warn_u,WORD,{EtherLink1}1@D12622
snsr_aCO2_1_warn_l,WORD,{EtherLink1}1@D12623
snsr_aCO2_1_err_l,WORD,{EtherLink1}1@D12624
snsr_aCO2_2_value,WORD,{EtherLink1}1@D12625
snsr_aCO2_2_state,WORD,{EtherLink1}1@D12626
snsr_aCO2_2_err_u,WORD,{EtherLink1}1@D12627
snsr_aCO2_2_warn_u,WORD,{EtherLink1}1@D12628
snsr_aCO2_2_warn_l,WORD,{EtherLink1}1@D12629
snsr_aCO2_2_err_l,WORD,{EtherLink1}1@D12630
snsr_aCO2_3_value,WORD,{EtherLink1}1@D12631
snsr_aCO2_3_state,WORD,{EtherLink1}1@D12632
snsr_aCO2_3_err_u,WORD,{EtherLink1}1@D12633
snsr_aCO2_3_warn_u,WORD,{EtherLink1}1@D12634
snsr_aCO2_3_warn_l,WORD,{EtherLink1}1@D12635
snsr_aCO2_3_err_l,WORD,{EtherLink1}1@D12636
snsr_aCO2_4_value,WORD,{EtherLink1}1@D12637
snsr_aCO2_4_state,WORD,{EtherLink1}1@D12638
snsr_aCO2_4_err_u,WORD,{EtherLink1}1@D12639
snsr_aCO2_4_warn_u,WORD,{EtherLink1}1@D12640
snsr_aCO2_4_warn_l,WORD,{EtherLink1}1@D12641
snsr_aCO2_4_err_l,WORD,{EtherLink1}1@D12642
snsr_aCO2_5_value,WORD,{EtherLink1}1@D12643
snsr_aCO2_5_state,WORD,{EtherLink1}1@D12644
snsr_aCO2_5_err_u,WORD,{EtherLink1}1@D12645
snsr_aCO2_5_warn_u,WORD,{EtherLink1}1@D12646
snsr_aCO2_5_warn_l,WORD,{EtherLink1}1@D12647
snsr_aCO2_5_err_l,WORD,{EtherLink1}1@D12648
snsr_aCO2_6_value,WORD,{EtherLink1}1@D12649
snsr_aCO2_6_state,WORD,{EtherLink1}1@D12650
snsr_aCO2_6_err_u,WORD,{EtherLink1}1@D12651
snsr_aCO2_6_warn_u,WORD,{EtherLink1}1@D12652
snsr_aCO2_6_warn_l,WORD,{EtherLink1}1@D12653
snsr_aCO2_6_err_l,WORD,{EtherLink1}1@D12654
snsr_aCO2_7_value,WORD,{EtherLink1}1@D12655
snsr_aCO2_7_state,WORD,{EtherLink1}1@D12656
snsr_aCO2_7_err_u,WORD,{EtherLink1}1@D12657
snsr_aCO2_7_warn_u,WORD,{EtherLink1}1@D12658
snsr_aCO2_7_warn_l,WORD,{EtherLink1}1@D12659
snsr_aCO2_7_err_l,WORD,{EtherLink1}1@D12660
snsr_aCO2_8_value,WORD,{EtherLink1}1@D12661
snsr_aCO2_8_state,WORD,{EtherLink1}1@D12662
snsr_aCO2_8_err_u,WORD,{EtherLink1}1@D12663
snsr_aCO2_8_warn_u,WORD,{EtherLink1}1@D12664
snsr_aCO2_8_warn_l,WORD,{EtherLink1}1@D12665
snsr_aCO2_8_err_l,WORD,{EtherLink1}1@D12666
snsr_aCO2_9_value,WORD,{EtherLink1}1@D12667
snsr_aCO2_9_state,WORD,{EtherLink1}1@D12668
snsr_aCO2_9_err_u,WORD,{EtherLink1}1@D12669
snsr_aCO2_9_warn_u,WORD,{EtherLink1}1@D12670
snsr_aCO2_9_warn_l,WORD,{EtherLink1}1@D12671
snsr_aCO2_9_err_l,WORD,{EtherLink1}1@D12672
snsr_aCO2_10_value,WORD,{EtherLink1}1@D12673
snsr_aCO2_10_state,WORD,{EtherLink1}1@D12674
snsr_aCO2_10_err_u,WORD,{EtherLink1}1@D12675
snsr_aCO2_10_warn_u,WORD,{EtherLink1}1@D12676
snsr_aCO2_10_warn_l,WORD,{EtherLink1}1@D12677
snsr_aCO2_10_err_l,WORD,{EtherLink1}1@D12678
snsr_aCO2_11_value,WORD,{EtherLink1}1@D12679
snsr_aCO2_11_state,WORD,{EtherLink1}1@D12680
snsr_aCO2_11_err_u,WORD,{EtherLink1}1@D12681
snsr_aCO2_11_warn_u,WORD,{EtherLink1}1@D12682
snsr_aCO2_11_warn_l,WORD,{EtherLink1}1@D12683
snsr_aCO2_11_err_l,WORD,{EtherLink1}1@D12684
snsr_aCO2_12_value,WORD,{EtherLink1}1@D12685
snsr_aCO2_12_state,WORD,{EtherLink1}1@D12686
snsr_aCO2_12_err_u,WORD,{EtherLink1}1@D12687
snsr_aCO2_12_warn_u,WORD,{EtherLink1}1@D12688
snsr_aCO2_12_warn_l,WORD,{EtherLink1}1@D12689
snsr_aCO2_12_err_l,WORD,{EtherLink1}1@D12690
snsr_aCO2_13_value,WORD,{EtherLink1}1@D12691
snsr_aCO2_13_state,WORD,{EtherLink1}1@D12692
snsr_aCO2_13_err_u,WORD,{EtherLink1}1@D12693
snsr_aCO2_13_warn_u,WORD,{EtherLink1}1@D12694
snsr_aCO2_13_warn_l,WORD,{EtherLink1}1@D12695
snsr_aCO2_13_err_l,WORD,{EtherLink1}1@D12696
snsr_aCO2_14_value,WORD,{EtherLink1}1@D12697
snsr_aCO2_14_state,WORD,{EtherLink1}1@D12698
snsr_aCO2_14_err_u,WORD,{EtherLink1}1@D12699
snsr_aCO2_14_warn_u,WORD,{EtherLink1}1@D12700
snsr_aCO2_14_warn_l,WORD,{EtherLink1}1@D12701
snsr_aCO2_14_err_l,WORD,{EtherLink1}1@D12702
snsr_aCO2_15_value,WORD,{EtherLink1}1@D12703
snsr_aCO2_15_state,WORD,{EtherLink1}1@D12704
snsr_aCO2_15_err_u,WORD,{EtherLink1}1@D12705
snsr_aCO2_15_warn_u,WORD,{EtherLink1}1@D12706
snsr_aCO2_15_warn_l,WORD,{EtherLink1}1@D12707
snsr_aCO2_15_err_l,WORD,{EtherLink1}1@D12708
snsr_aCO2_16_value,WORD,{EtherLink1}1@D12709
snsr_aCO2_16_state,WORD,{EtherLink1}1@D12710
snsr_aCO2_16_err_u,WORD,{EtherLink1}1@D12711
snsr_aCO2_16_warn_u,WORD,{EtherLink1}1@D12712
snsr_aCO2_16_warn_l,WORD,{EtherLink1}1@D12713
snsr_aCO2_16_err_l,WORD,{EtherLink1}1@D12714
snsr_aCO2_17_value,WORD,{EtherLink1}1@D12715
snsr_aCO2_17_state,WORD,{EtherLink1}1@D12716
snsr_aCO2_17_err_u,WORD,{EtherLink1}1@D12717
snsr_aCO2_17_warn_u,WORD,{EtherLink1}1@D12718
snsr_aCO2_17_warn_l,WORD,{EtherLink1}1@D12719
snsr_aCO2_17_err_l,WORD,{EtherLink1}1@D12720
snsr_aCO2_18_value,WORD,{EtherLink1}1@D12721
snsr_aCO2_18_state,WORD,{EtherLink1}1@D12722
snsr_aCO2_18_err_u,WORD,{EtherLink1}1@D12723
snsr_aCO2_18_warn_u,WORD,{EtherLink1}1@D12724
snsr_aCO2_18_warn_l,WORD,{EtherLink1}1@D12725
snsr_aCO2_18_err_l,WORD,{EtherLink1}1@D12726
snsr_aCO2_19_value,WORD,{EtherLink1}1@D12727
snsr_aCO2_19_state,WORD,{EtherLink1}1@D12728
snsr_aCO2_19_err_u,WORD,{EtherLink1}1@D12729
snsr_aCO2_19_warn_u,WORD,{EtherLink1}1@D12730
snsr_aCO2_19_warn_l,WORD,{EtherLink1}1@D12731
snsr_aCO2_19_err_l,WORD,{EtherLink1}1@D12732
snsr_aCO2_20_value,WORD,{EtherLink1}1@D12733
snsr_aCO2_20_state,WORD,{EtherLink1}1@D12734
snsr_aCO2_20_err_u,WORD,{EtherLink1}1@D12735
snsr_aCO2_20_warn_u,WORD,{EtherLink1}1@D12736
snsr_aCO2_20_warn_l,WORD,{EtherLink1}1@D12737
snsr_aCO2_20_err_l,WORD,{EtherLink1}1@D12738
snsr_aCO2_21_value,WORD,{EtherLink1}1@D12739
snsr_aCO2_21_state,WORD,{EtherLink1}1@D12740
snsr_aCO2_21_err_u,WORD,{EtherLink1}1@D12741
snsr_aCO2_21_warn_u,WORD,{EtherLink1}1@D12742
snsr_aCO2_21_warn_l,WORD,{EtherLink1}1@D12743
snsr_aCO2_21_err_l,WORD,{EtherLink1}1@D12744
snsr_aCO2_22_value,WORD,{EtherLink1}1@D12745
snsr_aCO2_22_state,WORD,{EtherLink1}1@D12746
snsr_aCO2_22_err_u,WORD,{EtherLink1}1@D12747
snsr_aCO2_22_warn_u,WORD,{EtherLink1}1@D12748
snsr_aCO2_22_warn_l,WORD,{EtherLink1}1@D12749
snsr_aCO2_22_err_l,WORD,{EtherLink1}1@D12750
snsr_aCO2_23_value,WORD,{EtherLink1}1@D12751
snsr_aCO2_23_state,WORD,{EtherLink1}1@D12752
snsr_aCO2_23_err_u,WORD,{EtherLink1}1@D12753
snsr_aCO2_23_warn_u,WORD,{EtherLink1}1@D12754
snsr_aCO2_23_warn_l,WORD,{EtherLink1}1@D12755
snsr_aCO2_23_err_l,WORD,{EtherLink1}1@D12756
snsr_aCO2_24_value,WORD,{EtherLink1}1@D12757
snsr_aCO2_24_state,WORD,{EtherLink1}1@D12758
snsr_aCO2_24_err_u,WORD,{EtherLink1}1@D12759
snsr_aCO2_24_warn_u,WORD,{EtherLink1}1@D12760
snsr_aCO2_24_warn_l,WORD,{EtherLink1}1@D12761
snsr_aCO2_24_err_l,WORD,{EtherLink1}1@D12762
snsr_aRH_0_value,WORD,{EtherLink1}1@D12763
snsr_aRH_0_state,WORD,{EtherLink1}1@D12764
snsr_aRH_0_err_u,WORD,{EtherLink1}1@D12765
snsr_aRH_0_warn_u,WORD,{EtherLink1}1@D12766
snsr_aRH_0_warn_l,WORD,{EtherLink1}1@D12767
snsr_aRH_0_err_l,WORD,{EtherLink1}1@D12768
snsr_aRH_1_value,WORD,{EtherLink1}1@D12769
snsr_aRH_1_state,WORD,{EtherLink1}1@D12770
snsr_aRH_1_err_u,WORD,{EtherLink1}1@D12771
snsr_aRH_1_warn_u,WORD,{EtherLink1}1@D12772
snsr_aRH_1_warn_l,WORD,{EtherLink1}1@D12773
snsr_aRH_1_err_l,WORD,{EtherLink1}1@D12774
snsr_aRH_2_value,WORD,{EtherLink1}1@D12775
snsr_aRH_2_state,WORD,{EtherLink1}1@D12776
snsr_aRH_2_err_u,WORD,{EtherLink1}1@D12777
snsr_aRH_2_warn_u,WORD,{EtherLink1}1@D12778
snsr_aRH_2_warn_l,WORD,{EtherLink1}1@D12779
snsr_aRH_2_err_l,WORD,{EtherLink1}1@D12780
snsr_aRH_3_value,WORD,{EtherLink1}1@D12781
snsr_aRH_3_state,WORD,{EtherLink1}1@D12782
snsr_aRH_3_err_u,WORD,{EtherLink1}1@D12783
snsr_aRH_3_warn_u,WORD,{EtherLink1}1@D12784
snsr_aRH_3_warn_l,WORD,{EtherLink1}1@D12785
snsr_aRH_3_err_l,WORD,{EtherLink1}1@D12786
snsr_aRH_4_value,WORD,{EtherLink1}1@D12787
snsr_aRH_4_state,WORD,{EtherLink1}1@D12788
snsr_aRH_4_err_u,WORD,{EtherLink1}1@D12789
snsr_aRH_4_warn_u,WORD,{EtherLink1}1@D12790
snsr_aRH_4_warn_l,WORD,{EtherLink1}1@D12791
snsr_aRH_4_err_l,WORD,{EtherLink1}1@D12792
snsr_aRH_5_value,WORD,{EtherLink1}1@D12793
snsr_aRH_5_state,WORD,{EtherLink1}1@D12794
snsr_aRH_5_err_u,WORD,{EtherLink1}1@D12795
snsr_aRH_5_warn_u,WORD,{EtherLink1}1@D12796
snsr_aRH_5_warn_l,WORD,{EtherLink1}1@D12797
snsr_aRH_5_err_l,WORD,{EtherLink1}1@D12798
snsr_aRH_6_value,WORD,{EtherLink1}1@D12799
snsr_aRH_6_state,WORD,{EtherLink1}1@D12800
snsr_aRH_6_err_u,WORD,{EtherLink1}1@D12801
snsr_aRH_6_warn_u,WORD,{EtherLink1}1@D12802
snsr_aRH_6_warn_l,WORD,{EtherLink1}1@D12803
snsr_aRH_6_err_l,WORD,{EtherLink1}1@D12804
snsr_aRH_7_value,WORD,{EtherLink1}1@D12805
snsr_aRH_7_state,WORD,{EtherLink1}1@D12806
snsr_aRH_7_err_u,WORD,{EtherLink1}1@D12807
snsr_aRH_7_warn_u,WORD,{EtherLink1}1@D12808
snsr_aRH_7_warn_l,WORD,{EtherLink1}1@D12809
snsr_aRH_7_err_l,WORD,{EtherLink1}1@D12810
snsr_aRH_8_value,WORD,{EtherLink1}1@D12811
snsr_aRH_8_state,WORD,{EtherLink1}1@D12812
snsr_aRH_8_err_u,WORD,{EtherLink1}1@D12813
snsr_aRH_8_warn_u,WORD,{EtherLink1}1@D12814
snsr_aRH_8_warn_l,WORD,{EtherLink1}1@D12815
snsr_aRH_8_err_l,WORD,{EtherLink1}1@D12816
snsr_aRH_9_value,WORD,{EtherLink1}1@D12817
snsr_aRH_9_state,WORD,{EtherLink1}1@D12818
snsr_aRH_9_err_u,WORD,{EtherLink1}1@D12819
snsr_aRH_9_warn_u,WORD,{EtherLink1}1@D12820
snsr_aRH_9_warn_l,WORD,{EtherLink1}1@D12821
snsr_aRH_9_err_l,WORD,{EtherLink1}1@D12822
snsr_aRH_10_value,WORD,{EtherLink1}1@D12823
snsr_aRH_10_state,WORD,{EtherLink1}1@D12824
snsr_aRH_10_err_u,WORD,{EtherLink1}1@D12825
snsr_aRH_10_warn_u,WORD,{EtherLink1}1@D12826
snsr_aRH_10_warn_l,WORD,{EtherLink1}1@D12827
snsr_aRH_10_err_l,WORD,{EtherLink1}1@D12828
snsr_aRH_11_value,WORD,{EtherLink1}1@D12829
snsr_aRH_11_state,WORD,{EtherLink1}1@D12830
snsr_aRH_11_err_u,WORD,{EtherLink1}1@D12831
snsr_aRH_11_warn_u,WORD,{EtherLink1}1@D12832
snsr_aRH_11_warn_l,WORD,{EtherLink1}1@D12833
snsr_aRH_11_err_l,WORD,{EtherLink1}1@D12834
snsr_aRH_12_value,WORD,{EtherLink1}1@D12835
snsr_aRH_12_state,WORD,{EtherLink1}1@D12836
snsr_aRH_12_err_u,WORD,{EtherLink1}1@D12837
snsr_aRH_12_warn_u,WORD,{EtherLink1}1@D12838
snsr_aRH_12_warn_l,WORD,{EtherLink1}1@D12839
snsr_aRH_12_err_l,WORD,{EtherLink1}1@D12840
snsr_aRH_13_value,WORD,{EtherLink1}1@D12841
snsr_aRH_13_state,WORD,{EtherLink1}1@D12842
snsr_aRH_13_err_u,WORD,{EtherLink1}1@D12843
snsr_aRH_13_warn_u,WORD,{EtherLink1}1@D12844
snsr_aRH_13_warn_l,WORD,{EtherLink1}1@D12845
snsr_aRH_13_err_l,WORD,{EtherLink1}1@D12846
snsr_aRH_14_value,WORD,{EtherLink1}1@D12847
snsr_aRH_14_state,WORD,{EtherLink1}1@D12848
snsr_aRH_14_err_u,WORD,{EtherLink1}1@D12849
snsr_aRH_14_warn_u,WORD,{EtherLink1}1@D12850
snsr_aRH_14_warn_l,WORD,{EtherLink1}1@D12851
snsr_aRH_14_err_l,WORD,{EtherLink1}1@D12852
snsr_aRH_15_value,WORD,{EtherLink1}1@D12853
snsr_aRH_15_state,WORD,{EtherLink1}1@D12854
snsr_aRH_15_err_u,WORD,{EtherLink1}1@D12855
snsr_aRH_15_warn_u,WORD,{EtherLink1}1@D12856
snsr_aRH_15_warn_l,WORD,{EtherLink1}1@D12857
snsr_aRH_15_err_l,WORD,{EtherLink1}1@D12858
snsr_aRH_16_value,WORD,{EtherLink1}1@D12859
snsr_aRH_16_state,WORD,{EtherLink1}1@D12860
snsr_aRH_16_err_u,WORD,{EtherLink1}1@D12861
snsr_aRH_16_warn_u,WORD,{EtherLink1}1@D12862
snsr_aRH_16_warn_l,WORD,{EtherLink1}1@D12863
snsr_aRH_16_err_l,WORD,{EtherLink1}1@D12864
snsr_aRH_17_value,WORD,{EtherLink1}1@D12865
snsr_aRH_17_state,WORD,{EtherLink1}1@D12866
snsr_aRH_17_err_u,WORD,{EtherLink1}1@D12867
snsr_aRH_17_warn_u,WORD,{EtherLink1}1@D12868
snsr_aRH_17_warn_l,WORD,{EtherLink1}1@D12869
snsr_aRH_17_err_l,WORD,{EtherLink1}1@D12870
snsr_aRH_18_value,WORD,{EtherLink1}1@D12871
snsr_aRH_18_state,WORD,{EtherLink1}1@D12872
snsr_aRH_18_err_u,WORD,{EtherLink1}1@D12873
snsr_aRH_18_warn_u,WORD,{EtherLink1}1@D12874
snsr_aRH_18_warn_l,WORD,{EtherLink1}1@D12875
snsr_aRH_18_err_l,WORD,{EtherLink1}1@D12876
snsr_aRH_19_value,WORD,{EtherLink1}1@D12877
snsr_aRH_19_state,WORD,{EtherLink1}1@D12878
snsr_aRH_19_err_u,WORD,{EtherLink1}1@D12879
snsr_aRH_19_warn_u,WORD,{EtherLink1}1@D12880
snsr_aRH_19_warn_l,WORD,{EtherLink1}1@D12881
snsr_aRH_19_err_l,WORD,{EtherLink1}1@D12882
snsr_aRH_20_value,WORD,{EtherLink1}1@D12883
snsr_aRH_20_state,WORD,{EtherLink1}1@D12884
snsr_aRH_20_err_u,WORD,{EtherLink1}1@D12885
snsr_aRH_20_warn_u,WORD,{EtherLink1}1@D12886
snsr_aRH_20_warn_l,WORD,{EtherLink1}1@D12887
snsr_aRH_20_err_l,WORD,{EtherLink1}1@D12888
snsr_aRH_21_value,WORD,{EtherLink1}1@D12889
snsr_aRH_21_state,WORD,{EtherLink1}1@D12890
snsr_aRH_21_err_u,WORD,{EtherLink1}1@D12891
snsr_aRH_21_warn_u,WORD,{EtherLink1}1@D12892
snsr_aRH_21_warn_l,WORD,{EtherLink1}1@D12893
snsr_aRH_21_err_l,WORD,{EtherLink1}1@D12894
snsr_aRH_22_value,WORD,{EtherLink1}1@D12895
snsr_aRH_22_state,WORD,{EtherLink1}1@D12896
snsr_aRH_22_err_u,WORD,{EtherLink1}1@D12897
snsr_aRH_22_warn_u,WORD,{EtherLink1}1@D12898
snsr_aRH_22_warn_l,WORD,{EtherLink1}1@D12899
snsr_aRH_22_err_l,WORD,{EtherLink1}1@D12900
snsr_aRH_23_value,WORD,{EtherLink1}1@D12901
snsr_aRH_23_state,WORD,{EtherLink1}1@D12902
snsr_aRH_23_err_u,WORD,{EtherLink1}1@D12903
snsr_aRH_23_warn_u,WORD,{EtherLink1}1@D12904
snsr_aRH_23_warn_l,WORD,{EtherLink1}1@D12905
snsr_aRH_23_err_l,WORD,{EtherLink1}1@D12906
snsr_aRH_24_value,WORD,{EtherLink1}1@D12907
snsr_aRH_24_state,WORD,{EtherLink1}1@D12908
snsr_aRH_24_err_u,WORD,{EtherLink1}1@D12909
snsr_aRH_24_warn_u,WORD,{EtherLink1}1@D12910
snsr_aRH_24_warn_l,WORD,{EtherLink1}1@D12911
snsr_aRH_24_err_l,WORD,{EtherLink1}1@D12912
IO_Overflow_0,BIT,{EtherLink1}1@X1.0,Overflow sensor
IO_Overflow_1,BIT,{EtherLink1}1@X1.1,Overflow sensor
IO_Overflow_2,BIT,{EtherLink1}1@X1.2,Overflow sensor
IO_Overflow_3,BIT,{EtherLink1}1@X1.3,Overflow sensor
IO_Overflow_4,BIT,{EtherLink1}1@X1.4,Overflow sensor
IO_Overflow_5,BIT,{EtherLink1}1@X1.5,Overflow sensor
IO_Overflow_6,BIT,{EtherLink1}1@X1.6,Overflow sensor
IO_Overflow_7,BIT,{EtherLink1}1@X1.7,Overflow sensor
IO_Overflow_8,BIT,{EtherLink1}1@X1.8,Overflow sensor
IO_Overflow_9,BIT,{EtherLink1}1@X1.9,Overflow sensor
IO_waterTemp_0,WORD,{EtherLink1}1@D28302
IO_waterTemp_1,WORD,{EtherLink1}1@D28304
IO_waterTemp_2,WORD,{EtherLink1}1@D28306
IO_waterTemp_3,WORD,{EtherLink1}1@D28308
IO_waterTemp_4,WORD,{EtherLink1}1@D28310
IO_waterTemp_5,WORD,{EtherLink1}1@D28312
IO_waterTemp_6,WORD,{EtherLink1}1@D28314
IO_waterTemp_7,WORD,{EtherLink1}1@D28316
IO_waterTemp_8,WORD,{EtherLink1}1@D28322
IO_waterTemp_9,WORD,{EtherLink1}1@D28324
IO_waterTemp_10,WORD,{EtherLink1}1@D28326
IO_waterTemp_11,WORD,{EtherLink1}1@D28328
IO_waterTemp_12,WORD,{EtherLink1}1@D28330
IO_waterTemp_13,WORD,{EtherLink1}1@D28332
IO_waterTemp_14,WORD,{EtherLink1}1@D28334
IO_waterTemp_15,WORD,{EtherLink1}1@D28336
IO_waterTemp_16,WORD,{EtherLink1}1@D28342
IO_waterTemp_17,WORD,{EtherLink1}1@D28344
IO_waterTemp_18,WORD,{EtherLink1}1@D28346
IO_waterTemp_19,WORD,{EtherLink1}1@D28348
MB_pump0_rOutputHz,WORD,{EtherLink1}1@D25102,Actual output freq
MB_pump0_faultRecord0,WORD,{EtherLink1}1@D25160,History of faults
MB_pump0_faultRecord1,WORD,{EtherLink1}1@D25161,History of faults
MB_pump0_faultRecord2,WORD,{EtherLink1}1@D25162,History of faults
MB_pump0_faultRecord3,WORD,{EtherLink1}1@D25163,History of faults
MB_pump0_faultRecord4,WORD,{EtherLink1}1@D25164,History of faults
MB_pump0_faultRecord5,WORD,{EtherLink1}1@D25165,History of faults
MB_pump0_faultRecord6,WORD,{EtherLink1}1@D25166,History of faults
MB_pump0_faultRecord7,WORD,{EtherLink1}1@D25167,History of faults
MB_pump0_faultRecord8,WORD,{EtherLink1}1@D25168,History of faults
MB_pump0_faultRecord9,WORD,{EtherLink1}1@D25169,History of faults
MB_pump1_rOutputHz,WORD,{EtherLink1}1@D25302,Actual output freq
MB_pump1_faultRecord0,WORD,{EtherLink1}1@D25360,History of faults
MB_pump1_faultRecord1,WORD,{EtherLink1}1@D25361,History of faults
MB_pump1_faultRecord2,WORD,{EtherLink1}1@D25362,History of faults
MB_pump1_faultRecord3,WORD,{EtherLink1}1@D25363,History of faults
MB_pump1_faultRecord4,WORD,{EtherLink1}1@D25364,History of faults
MB_pump1_faultRecord5,WORD,{EtherLink1}1@D25365,History of faults
MB_pump1_faultRecord6,WORD,{EtherLink1}1@D25366,History of faults
MB_pump1_faultRecord7,WORD,{EtherLink1}1@D25367,History of faults
MB_pump1_faultRecord8,WORD,{EtherLink1}1@D25368,History of faults
MB_pump1_faultRecord9,WORD,{EtherLink1}1@D25369,History of faults
MB_pump2_rOutputHz,WORD,{EtherLink1}1@D25502,Actual output freq
MB_pump2_faultRecord0,WORD,{EtherLink1}1@D25560,History of faults
MB_pump2_faultRecord1,WORD,{EtherLink1}1@D25561,History of faults
MB_pump2_faultRecord2,WORD,{EtherLink1}1@D25562,History of faults
MB_pump2_faultRecord3,WORD,{EtherLink1}1@D25563,History of faults
MB_pump2_faultRecord4,WORD,{EtherLink1}1@D25564,History of faults
MB_pump2_faultRecord5,WORD,{EtherLink1}1@D25565,History of faults
MB_pump2_faultRecord6,WORD,{EtherLink1}1@D25566,History of faults
MB_pump2_faultRecord7,WORD,{EtherLink1}1@D25567,History of faults
MB_pump2_faultRecord8,WORD,{EtherLink1}1@D25568,History of faults
MB_pump2_faultRecord9,WORD,{EtherLink1}1@D25569,History of faults
Xfer_airflowVfdStatusMonitor0,WORD,{EtherLink1}1@D29003,Status Airflow VFD in PLC2
Xfer_airflowVfdStatusMonitor1,WORD,{EtherLink1}1@D29004,Status Airflow VFD in PLC2
Xfer_airflowVfdStatusMonitor2,WORD,{EtherLink1}1@D29005,Status Airflow VFD in PLC2
Xfer_airflowVfdStatusMonitor3,WORD,{EtherLink1}1@D29006,Status Airflow VFD in PLC2
Xfer_airflowVfdStatusMonitor4,WORD,{EtherLink1}1@D29007,Status Airflow VFD in PLC2
Xfer_airflowVfdStatusMonitor5,WORD,{EtherLink1}1@D29008,Status Airflow VFD in PLC2
Xfer_airflowVfdStatusMonitor6,WORD,{EtherLink1}1@D29009,Status Airflow VFD in PLC2
Xfer_airflowVfdStatusMonitor7,WORD,{EtherLink1}1@D29010,Status Airflow VFD in PLC2
Xfer_airflowVfdStatusMonitor8,WORD,{EtherLink1}1@D29011,Status Airflow VFD in PLC2
Xfer_airflowVfdStatusMonitor9,WORD,{EtherLink1}1@D29012,Status Airflow VFD in PLC2
Xfer_airflowVfdStatusMonitor10,WORD,{EtherLink1}1@D29013,Status Airflow VFD in PLC2
Xfer_airflowVfdStatusMonitor11,WORD,{EtherLink1}1@D29014,Status Airflow VFD in PLC2
Xfer_airflowVfdStatusMonitor12,WORD,{EtherLink1}1@D29015,Status Airflow VFD in PLC2
Xfer_airflowVfdStatusMonitor13,WORD,{EtherLink1}1@D29016,Status Airflow VFD in PLC2
Xfer_airflowVfdStatusMonitor14,WORD,{EtherLink1}1@D29017,Status Airflow VFD in PLC2
Xfer_airflowVfdStatusMonitor15,WORD,{EtherLink1}1@D29018,Status Airflow VFD in PLC2
Xfer_airflowVfdStatusMonitor16,WORD,{EtherLink1}1@D29019,Status Airflow VFD in PLC2
Xfer_airflowVfdStatusMonitor17,WORD,{EtherLink1}1@D29020,Status Airflow VFD in PLC2
Xfer_airflowVfdStatusMonitor18,WORD,{EtherLink1}1@D29021,Status Airflow VFD in PLC2
Xfer_airflowVfdStatusMonitor19,WORD,{EtherLink1}1@D29022,Status Airflow VFD in PLC2
Xfer_airflowVfdStatusMonitor20,WORD,{EtherLink1}1@D29023,Status Airflow VFD in PLC2
Xfer_airflowVfdStatusMonitor21,WORD,{EtherLink1}1@D29024,Status Airflow VFD in PLC2
Xfer_airflowVfdStatusMonitor22,WORD,{EtherLink1}1@D29025,Status Airflow VFD in PLC2
sensorWindSpeed0,WORD,{EtherLink1}1@D26000,Anemometer reading
sensorWindSpeed1,WORD,{EtherLink1}1@D26001,Anemometer reading
sensorWindSpeed2,WORD,{EtherLink1}1@D26002,Anemometer reading
sensorWindSpeed3,WORD,{EtherLink1}1@D26003,Anemometer reading
sensorWindSpeed4,WORD,{EtherLink1}1@D26004,Anemometer reading
sensorWindSpeed5,WORD,{EtherLink1}1@D26005,Anemometer reading
sensorWindSpeed6,WORD,{EtherLink1}1@D26006,Anemometer reading
sensorWindSpeed7,WORD,{EtherLink1}1@D26007,Anemometer reading
sensorWindSpeed8,WORD,{EtherLink1}1@D26008,Anemometer reading
sensorWindSpeed9,WORD,{EtherLink1}1@D26009,Anemometer reading
sensorWindSpeed10,WORD,{EtherLink1}1@D26010,Anemometer reading
sensorWindSpeed11,WORD,{EtherLink1}1@D26011,Anemometer reading
sensorWindSpeed12,WORD,{EtherLink1}1@D26012,Anemometer reading
sensorWindSpeed13,WORD,{EtherLink1}1@D26013,Anemometer reading
sensorWindSpeed14,WORD,{EtherLink1}1@D26014,Anemometer reading
sensorWindSpeed15,WORD,{EtherLink1}1@D26015,Anemometer reading
sensorWindSpeed16,WORD,{EtherLink1}1@D26016,Anemometer reading
sensorWindSpeed17,WORD,{EtherLink1}1@D26017,Anemometer reading
sensorWindSpeed18,WORD,{EtherLink1}1@D26018,Anemometer reading
sensorWindSpeed19,WORD,{EtherLink1}1@D26019,Anemometer reading
sensorWindSpeed20,WORD,{EtherLink1}1@D26020,Anemometer reading
sensorWindSpeed21,WORD,{EtherLink1}1@D26021,Anemometer reading
sensorWindSpeed22,WORD,{EtherLink1}1@D26022,Anemometer reading
sensorWindSpeed23,WORD,{EtherLink1}1@D26023,Anemometer reading
sensorWindSpeed24,WORD,{EtherLink1}1@D26024,Anemometer reading
sensorWindSpeed25,WORD,{EtherLink1}1@D26025,Anemometer reading
sensorWindSpeed26,WORD,{EtherLink1}1@D26026,Anemometer reading
sensorWindSpeed27,WORD,{EtherLink1}1@D26027,Anemometer reading
sensorWindSpeed28,WORD,{EtherLink1}1@D26028,Anemometer reading
sensorWindSpeed29,WORD,{EtherLink1}1@D26029,Anemometer reading
aqmSensorTemperature0,WORD,{EtherLink1}1@D26100,Temperature reading
aqmSensorTemperature1,WORD,{EtherLink1}1@D26101,Temperature reading
aqmSensorTemperature2,WORD,{EtherLink1}1@D26102,Temperature reading
aqmSensorTemperature3,WORD,{EtherLink1}1@D26103,Temperature reading
aqmSensorTemperature4,WORD,{EtherLink1}1@D26104,Temperature reading
aqmSensorTemperature5,WORD,{EtherLink1}1@D26105,Temperature reading
aqmSensorTemperature6,WORD,{EtherLink1}1@D26106,Temperature reading
aqmSensorTemperature7,WORD,{EtherLink1}1@D26107,Temperature reading
aqmSensorTemperature8,WORD,{EtherLink1}1@D26108,Temperature reading
aqmSensorTemperature9,WORD,{EtherLink1}1@D26109,Temperature reading
aqmSensorTemperature10,WORD,{EtherLink1}1@D26110,Temperature reading
aqmSensorTemperature11,WORD,{EtherLink1}1@D26111,Temperature reading
aqmSensorTemperature12,WORD,{EtherLink1}1@D26112,Temperature reading
aqmSensorTemperature13,WORD,{EtherLink1}1@D26113,Temperature reading
aqmSensorTemperature14,WORD,{EtherLink1}1@D26114,Temperature reading
aqmSensorTemperature15,WORD,{EtherLink1}1@D26115,Temperature reading
aqmSensorTemperature16,WORD,{EtherLink1}1@D26116,Temperature reading
aqmSensorTemperature17,WORD,{EtherLink1}1@D26117,Temperature reading
aqmSensorTemperature18,WORD,{EtherLink1}1@D26118,Temperature reading
aqmSensorTemperature19,WORD,{EtherLink1}1@D26119,Temperature reading
aqmSensorTemperature20,WORD,{EtherLink1}1@D26120,Temperature reading
aqmSensorTemperature21,WORD,{EtherLink1}1@D26121,Temperature reading
aqmSensorTemperature22,WORD,{EtherLink1}1@D26122,Temperature reading
aqmSensorTemperature23,WORD,{EtherLink1}1@D26123,Temperature reading
aqmSensorTemperature24,WORD,{EtherLink1}1@D26124,Temperature reading
aqmSensorTemperature25,WORD,{EtherLink1}1@D26125,Temperature reading
aqmSensorTemperature26,WORD,{EtherLink1}1@D26126,Temperature reading
aqmSensorTemperature27,WORD,{EtherLink1}1@D26127,Temperature reading
aqmSensorTemperature28,WORD,{EtherLink1}1@D26128,Temperature reading
aqmSensorTemperature29,WORD,{EtherLink1}1@D26129,Temperature reading
aqmSensorHumidity0,WORD,{EtherLink1}1@D26200,Humdity reading
aqmSensorHumidity1,WORD,{EtherLink1}1@D26201,Humdity reading
aqmSensorHumidity2,WORD,{EtherLink1}1@D26202,Humdity reading
aqmSensorHumidity3,WORD,{EtherLink1}1@D26203,Humdity reading
aqmSensorHumidity4,WORD,{EtherLink1}1@D26204,Humdity reading
aqmSensorHumidity5,WORD,{EtherLink1}1@D26205,Humdity reading
aqmSensorHumidity6,WORD,{EtherLink1}1@D26206,Humdity reading
aqmSensorHumidity7,WORD,{EtherLink1}1@D26207,Humdity reading
aqmSensorHumidity8,WORD,{EtherLink1}1@D26208,Humdity reading
aqmSensorHumidity9,WORD,{EtherLink1}1@D26209,Humdity reading
aqmSensorHumidity10,WORD,{EtherLink1}1@D26210,Humdity reading
aqmSensorHumidity11,WORD,{EtherLink1}1@D26211,Humdity reading
aqmSensorHumidity12,WORD,{EtherLink1}1@D26212,Humdity reading
aqmSensorHumidity13,WORD,{EtherLink1}1@D26213,Humdity reading
aqmSensorHumidity14,WORD,{EtherLink1}1@D26214,Humdity reading
aqmSensorHumidity15,WORD,{EtherLink1}1@D26215,Humdity reading
aqmSensorHumidity16,WORD,{EtherLink1}1@D26216,Humdity reading
aqmSensorHumidity17,WORD,{EtherLink1}1@D26217,Humdity reading
aqmSensorHumidity18,WORD,{EtherLink1}1@D26218,Humdity reading
aqmSensorHumidity19,WORD,{EtherLink1}1@D26219,Humdity reading
aqmSensorHumidity20,WORD,{EtherLink1}1@D26220,Humdity reading
aqmSensorHumidity21,WORD,{EtherLink1}1@D26221,Humdity reading
aqmSensorHumidity22,WORD,{EtherLink1}1@D26222,Humdity reading
aqmSensorHumidity23,WORD,{EtherLink1}1@D26223,Humdity reading
aqmSensorHumidity24,WORD,{EtherLink1}1@D26224,Humdity reading
aqmSensorHumidity25,WORD,{EtherLink1}1@D26225,Humdity reading
aqmSensorHumidity26,WORD,{EtherLink1}1@D26226,Humdity reading
aqmSensorHumidity27,WORD,{EtherLink1}1@D26227,Humdity reading
aqmSensorHumidity28,WORD,{EtherLink1}1@D26228,Humdity reading
aqmSensorHumidity29,WORD,{EtherLink1}1@D26229,Humdity reading
aqmSensorCO20,WORD,{EtherLink1}1@D26300,CO2 reading
aqmSensorCO21,WORD,{EtherLink1}1@D26301,CO2 reading
aqmSensorCO22,WORD,{EtherLink1}1@D26302,CO2 reading
aqmSensorCO23,WORD,{EtherLink1}1@D26303,CO2 reading
aqmSensorCO24,WORD,{EtherLink1}1@D26304,CO2 reading
aqmSensorCO25,WORD,{EtherLink1}1@D26305,CO2 reading
aqmSensorCO26,WORD,{EtherLink1}1@D26306,CO2 reading
aqmSensorCO27,WORD,{EtherLink1}1@D26307,CO2 reading
aqmSensorCO28,WORD,{EtherLink1}1@D26308,CO2 reading
aqmSensorCO29,WORD,{EtherLink1}1@D26309,CO2 reading
aqmSensorCO210,WORD,{EtherLink1}1@D26310,CO2 reading
aqmSensorCO211,WORD,{EtherLink1}1@D26311,CO2 reading
aqmSensorCO212,WORD,{EtherLink1}1@D26312,CO2 reading
aqmSensorCO213,WORD,{EtherLink1}1@D26313,CO2 reading
aqmSensorCO214,WORD,{EtherLink1}1@D26314,CO2 reading
aqmSensorCO215,WORD,{EtherLink1}1@D26315,CO2 reading
aqmSensorCO216,WORD,{EtherLink1}1@D26316,CO2 reading
aqmSensorCO217,WORD,{EtherLink1}1@D26317,CO2 reading
aqmSensorCO218,WORD,{EtherLink1}1@D26318,CO2 reading
aqmSensorCO219,WORD,{EtherLink1}1@D26319,CO2 reading
aqmSensorCO220,WORD,{EtherLink1}1@D26320,CO2 reading
aqmSensorCO221,WORD,{EtherLink1}1@D26321,CO2 reading
aqmSensorCO222,WORD,{EtherLink1}1@D26322,CO2 reading
aqmSensorCO223,WORD,{EtherLink1}1@D26323,CO2 reading
aqmSensorCO224,WORD,{EtherLink1}1@D26324,CO2 reading
aqmSensorCO225,WORD,{EtherLink1}1@D26325,CO2 reading
aqmSensorCO226,WORD,{EtherLink1}1@D26326,CO2 reading
aqmSensorCO227,WORD,{EtherLink1}1@D26327,CO2 reading
aqmSensorCO228,WORD,{EtherLink1}1@D26328,CO2 reading
aqmSensorCO229,WORD,{EtherLink1}1@D26329,CO2 reading
errAnemometer0,WORD,{EtherLink1}1@D26400,Anemometer error (0 = no error)
errAnemometer1,WORD,{EtherLink1}1@D26401,Anemometer error (0 = no error)
errAnemometer2,WORD,{EtherLink1}1@D26402,Anemometer error (0 = no error)
errAnemometer3,WORD,{EtherLink1}1@D26403,Anemometer error (0 = no error)
errAnemometer4,WORD,{EtherLink1}1@D26404,Anemometer error (0 = no error)
errAnemometer5,WORD,{EtherLink1}1@D26405,Anemometer error (0 = no error)
errAnemometer6,WORD,{EtherLink1}1@D26406,Anemometer error (0 = no error)
errAnemometer7,WORD,{EtherLink1}1@D26407,Anemometer error (0 = no error)
errAnemometer8,WORD,{EtherLink1}1@D26408,Anemometer error (0 = no error)
errAnemometer9,WORD,{EtherLink1}1@D26409,Anemometer error (0 = no error)
errAnemometer10,WORD,{EtherLink1}1@D26410,Anemometer error (0 = no error)
errAnemometer11,WORD,{EtherLink1}1@D26411,Anemometer error (0 = no error)
errAnemometer12,WORD,{EtherLink1}1@D26412,Anemometer error (0 = no error)
errAnemometer13,WORD,{EtherLink1}1@D26413,Anemometer error (0 = no error)
errAnemometer14,WORD,{EtherLink1}1@D26414,Anemometer error (0 = no error)
errAnemometer15,WORD,{EtherLink1}1@D26415,Anemometer error (0 = no error)
errAnemometer16,WORD,{EtherLink1}1@D26416,Anemometer error (0 = no error)
errAnemometer17,WORD,{EtherLink1}1@D26417,Anemometer error (0 = no error)
errAnemometer18,WORD,{EtherLink1}1@D26418,Anemometer error (0 = no error)
errAnemometer19,WORD,{EtherLink1}1@D26419,Anemometer error (0 = no error)
errAnemometer20,WORD,{EtherLink1}1@D26420,Anemometer error (0 = no error)
errAnemometer21,WORD,{EtherLink1}1@D26421,Anemometer error (0 = no error)
errAnemometer22,WORD,{EtherLink1}1@D26422,Anemometer error (0 = no error)
errAnemometer23,WORD,{EtherLink1}1@D26423,Anemometer error (0 = no error)
errAnemometer24,WORD,{EtherLink1}1@D26424,Anemometer error (0 = no error)
errAnemometer25,WORD,{EtherLink1}1@D26425,Anemometer error (0 = no error)
errAnemometer26,WORD,{EtherLink1}1@D26426,Anemometer error (0 = no error)
errAnemometer27,WORD,{EtherLink1}1@D26427,Anemometer error (0 = no error)
errAnemometer28,WORD,{EtherLink1}1@D26428,Anemometer error (0 = no error)
errAnemometer29,WORD,{EtherLink1}1@D26429,Anemometer error (0 = no error)
errAQM0,WORD,{EtherLink1}1@D26500,AQM sensor error (0 = no error)
errAQM1,WORD,{EtherLink1}1@D26501,AQM sensor error (0 = no error)
errAQM2,WORD,{EtherLink1}1@D26502,AQM sensor error (0 = no error)
errAQM3,WORD,{EtherLink1}1@D26503,AQM sensor error (0 = no error)
errAQM4,WORD,{EtherLink1}1@D26504,AQM sensor error (0 = no error)
errAQM5,WORD,{EtherLink1}1@D26505,AQM sensor error (0 = no error)
errAQM6,WORD,{EtherLink1}1@D26506,AQM sensor error (0 = no error)
errAQM7,WORD,{EtherLink1}1@D26507,AQM sensor error (0 = no error)
errAQM8,WORD,{EtherLink1}1@D26508,AQM sensor error (0 = no error)
errAQM9,WORD,{EtherLink1}1@D26509,AQM sensor error (0 = no error)
errAQM10,WORD,{EtherLink1}1@D26510,AQM sensor error (0 = no error)
errAQM11,WORD,{EtherLink1}1@D26511,AQM sensor error (0 = no error)
errAQM12,WORD,{EtherLink1}1@D26512,AQM sensor error (0 = no error)
errAQM13,WORD,{EtherLink1}1@D26513,AQM sensor error (0 = no error)
errAQM14,WORD,{EtherLink1}1@D26514,AQM sensor error (0 = no error)
errAQM15,WORD,{EtherLink1}1@D26515,AQM sensor error (0 = no error)
errAQM16,WORD,{EtherLink1}1@D26516,AQM sensor error (0 = no error)
errAQM17,WORD,{EtherLink1}1@D26517,AQM sensor error (0 = no error)
errAQM18,WORD,{EtherLink1}1@D26518,AQM sensor error (0 = no error)
errAQM19,WORD,{EtherLink1}1@D26519,AQM sensor error (0 = no error)
errAQM20,WORD,{EtherLink1}1@D26520,AQM sensor error (0 = no error)
errAQM21,WORD,{EtherLink1}1@D26521,AQM sensor error (0 = no error)
errAQM22,WORD,{EtherLink1}1@D26522,AQM sensor error (0 = no error)
errAQM23,WORD,{EtherLink1}1@D26523,AQM sensor error (0 = no error)
errAQM24,WORD,{EtherLink1}1@D26524,AQM sensor error (0 = no error)
errAQM25,WORD,{EtherLink1}1@D26525,AQM sensor error (0 = no error)
errAQM26,WORD,{EtherLink1}1@D26526,AQM sensor error (0 = no error)
errAQM27,WORD,{EtherLink1}1@D26527,AQM sensor error (0 = no error)
errAQM28,WORD,{EtherLink1}1@D26528,AQM sensor error (0 = no error)
errAQM29,WORD,{EtherLink1}1@D26529,AQM sensor error (0 = no error)
PUMP_0_SELECTED,BIT,$1000.0
PUMP_1_SELECTED,BIT,$1001.0
PUMP_2_SELECTED,BIT,$1002.0
PUMP_CHECK,WORD,$1003
PUMP_LOCK_SEMI_PART,BIT,$1004.0
PUMP_LOCK_MANU_PART,BIT,$1005.0
DUMMY_BIT,BIT,$1006.0
DUMMY_WORD0,WORD,$1007
DUMMY_WORD1,WORD,$1008
DUMMY_WORD2,WORD,$1009
STRING,WORD,$1010
DUMMY_BIT_TRUE,BIT,$1030.0
DUMMY_BIT_FALSE,BIT,$1031.0
SEC0_LOCK_SEMI_PART,BIT,$1032.0
SEC0_LOCK_MANU_PART,BIT,$1033.0
SEC1_LOCK_SEMI_PART,BIT,$1034.0
SEC1_LOCK_MANU_PART,BIT,$1035.0
SEC2_LOCK_SEMI_PART,BIT,$1036.0
SEC2_LOCK_MANU_PART,BIT,$1037.0
SEC0_LOCK_LIGHT,BIT,$1038.0
SEC1_LOCK_LIGHT,BIT,$1039.0
SEC2_LOCK_LIGHT,BIT,$1040.0
SHELF_AUTO_WATER_REG_SIZE,WORD,$1041
SHELF_AUTO_CURRENT_NO,WORD,$1053
SHELF_AUTO_PLC_OFFSET_ADDR,WORD,$1054
SHELF_AUTO_OFFSET_ADDR,WORD,$1055
S0_WATER_ON_HH,WORD,$1056
S0_WATER_ON_MM,WORD,$1057
S0_WATER_OFF_HH,WORD,$1058
S0_WATER_OFF_MM,WORD,$1059
S0_WATER_IGNORE_SCHEDULE,BIT,$1060.0
S0_WATER_ALWAYS_ON,BIT,$1061.0
S0_LIGHT_ON_HH,WORD,$1062
S0_LIGHT_ON_MM,WORD,$1063
S0_LIGHT_OFF_HH,WORD,$1064
S0_LIGHT_OFF_MM,WORD,$1065
S0_LIGHT_IGNORE_SCHEDULE,BIT,$1066.0
S0_LIGHT_ALWAYS_ON,BIT,$1067.0
S1_WATER_ON_HH,WORD,$1068
S1_WATER_ON_MM,WORD,$1069
S1_WATER_OFF_HH,WORD,$1070
S1_WATER_OFF_MM,WORD,$1071
S1_WATER_IGNORE_SCHEDULE,BIT,$1072.0
S1_WATER_ALWAYS_ON,BIT,$1073.0
S1_LIGHT_ON_HH,WORD,$1074
S1_LIGHT_ON_MM,WORD,$1075
S1_LIGHT_OFF_HH,WORD,$1076
S1_LIGHT_OFF_MM,WORD,$1077
S1_LIGHT_IGNORE_SCHEDULE,BIT,$1078.0
S1_LIGHT_ALWAYS_ON,BIT,$1079.0
S2_WATER_ON_HH,WORD,$1080
S2_WATER_ON_MM,WORD,$1081
S2_WATER_OFF_HH,WORD,$1082
S2_WATER_OFF_MM,WORD,$1083
S2_WATER_IGNORE_SCHEDULE,BIT,$1084.0
S2_WATER_ALWAYS_ON,BIT,$1085.0
S2_LIGHT_ON_HH,WORD,$1086
S2_LIGHT_ON_MM,WORD,$1087
S2_LIGHT_OFF_HH,WORD,$1088
S2_LIGHT_OFF_MM,WORD,$1089
S2_LIGHT_IGNORE_SCHEDULE,BIT,$1090.0
S2_LIGHT_ALWAYS_ON,BIT,$1091.0
S3_WATER_ON_HH,WORD,$1092
S3_WATER_ON_MM,WORD,$1093
S3_WATER_OFF_HH,WORD,$1094
S3_WATER_OFF_MM,WORD,$1095
S3_WATER_IGNORE_SCHEDULE,BIT,$1096.0
S3_WATER_ALWAYS_ON,BIT,$1097.0
S3_LIGHT_ON_HH,WORD,$1098
S3_LIGHT_ON_MM,WORD,$1099
S3_LIGHT_OFF_HH,WORD,$1100
S3_LIGHT_OFF_MM,WORD,$1101
S3_LIGHT_IGNORE_SCHEDULE,BIT,$1102.0
S3_LIGHT_ALWAYS_ON,BIT,$1103.0
S4_WATER_ON_HH,WORD,$1104
S4_WATER_ON_MM,WORD,$1105
S4_WATER_OFF_HH,WORD,$1106
S4_WATER_OFF_MM,WORD,$1107
S4_WATER_IGNORE_SCHEDULE,BIT,$1108.0
S4_WATER_ALWAYS_ON,BIT,$1109.0
S4_LIGHT_ON_HH,WORD,$1110
S4_LIGHT_ON_MM,WORD,$1111
S4_LIGHT_OFF_HH,WORD,$1112
S4_LIGHT_OFF_MM,WORD,$1113
S4_LIGHT_IGNORE_SCHEDULE,BIT,$1114.0
S4_LIGHT_ALWAYS_ON,BIT,$1115.0
S5_WATER_ON_HH,WORD,$1116
S5_WATER_ON_MM,WORD,$1117
S5_WATER_OFF_HH,WORD,$1118
S5_WATER_OFF_MM,WORD,$1119
S5_WATER_IGNORE_SCHEDULE,BIT,$1120.0
S5_WATER_ALWAYS_ON,BIT,$1121.0
S5_LIGHT_ON_HH,WORD,$1122
S5_LIGHT_ON_MM,WORD,$1123
S5_LIGHT_OFF_HH,WORD,$1124
S5_LIGHT_OFF_MM,WORD,$1125
S5_LIGHT_IGNORE_SCHEDULE,BIT,$1126.0
S5_LIGHT_ALWAYS_ON,BIT,$1127.0
S6_WATER_ON_HH,WORD,$1128
S6_WATER_ON_MM,WORD,$1129
S6_WATER_OFF_HH,WORD,$1130
S6_WATER_OFF_MM,WORD,$1131
S6_WATER_IGNORE_SCHEDULE,BIT,$1132.0
S6_WATER_ALWAYS_ON,BIT,$1133.0
S6_LIGHT_ON_HH,WORD,$1134
S6_LIGHT_ON_MM,WORD,$1135
S6_LIGHT_OFF_HH,WORD,$1136
S6_LIGHT_OFF_MM,WORD,$1137
S6_LIGHT_IGNORE_SCHEDULE,BIT,$1138.0
S6_LIGHT_ALWAYS_ON,BIT,$1139.0
S7_WATER_ON_HH,WORD,$1140
S7_WATER_ON_MM,WORD,$1141
S7_WATER_OFF_HH,WORD,$1142
S7_WATER_OFF_MM,WORD,$1143
S7_WATER_IGNORE_SCHEDULE,BIT,$1144.0
S7_WATER_ALWAYS_ON,BIT,$1145.0
S7_LIGHT_ON_HH,WORD,$1146
S7_LIGHT_ON_MM,WORD,$1147
S7_LIGHT_OFF_HH,WORD,$1148
S7_LIGHT_OFF_MM,WORD,$1149
S7_LIGHT_IGNORE_SCHEDULE,BIT,$1150.0
S7_LIGHT_ALWAYS_ON,BIT,$1151.0
S8_WATER_ON_HH,WORD,$1152
S8_WATER_ON_MM,WORD,$1153
S8_WATER_OFF_HH,WORD,$1154
S8_WATER_OFF_MM,WORD,$1155
S8_WATER_IGNORE_SCHEDULE,BIT,$1156.0
S8_WATER_ALWAYS_ON,BIT,$1157.0
S8_LIGHT_ON_HH,WORD,$1158
S8_LIGHT_ON_MM,WORD,$1159
S8_LIGHT_OFF_HH,WORD,$1160
S8_LIGHT_OFF_MM,WORD,$1161
S8_LIGHT_IGNORE_SCHEDULE,BIT,$1162.0
S8_LIGHT_ALWAYS_ON,BIT,$1163.0
S9_WATER_ON_HH,WORD,$1164
S9_WATER_ON_MM,WORD,$1165
S9_WATER_OFF_HH,WORD,$1166
S9_WATER_OFF_MM,WORD,$1167
S9_WATER_IGNORE_SCHEDULE,BIT,$1168.0
S9_WATER_ALWAYS_ON,BIT,$1169.0
S9_LIGHT_ON_HH,WORD,$1170
S9_LIGHT_ON_MM,WORD,$1171
S9_LIGHT_OFF_HH,WORD,$1172
S9_LIGHT_OFF_MM,WORD,$1173
S9_LIGHT_IGNORE_SCHEDULE,BIT,$1174.0
S9_LIGHT_ALWAYS_ON,BIT,$1175.0
S0_PLC_WORD_ADDR_OFFSET,WORD,$1176
S1_PLC_WORD_ADDR_OFFSET,WORD,$1177
S2_PLC_WORD_ADDR_OFFSET,WORD,$1178
S3_PLC_WORD_ADDR_OFFSET,WORD,$1179
S4_PLC_WORD_ADDR_OFFSET,WORD,$1180
S5_PLC_WORD_ADDR_OFFSET,WORD,$1181
S6_PLC_WORD_ADDR_OFFSET,WORD,$1182
S7_PLC_WORD_ADDR_OFFSET,WORD,$1183
S8_PLC_WORD_ADDR_OFFSET,WORD,$1184
S9_PLC_WORD_ADDR_OFFSET,WORD,$1185
S0_PLC_BIT_ADDR_OFFSET,WORD,$1186
S1_PLC_BIT_ADDR_OFFSET,WORD,$1187
S2_PLC_BIT_ADDR_OFFSET,WORD,$1188
S3_PLC_BIT_ADDR_OFFSET,WORD,$1189
S4_PLC_BIT_ADDR_OFFSET,WORD,$1190
S5_PLC_BIT_ADDR_OFFSET,WORD,$1191
S6_PLC_BIT_ADDR_OFFSET,WORD,$1192
S7_PLC_BIT_ADDR_OFFSET,WORD,$1193
S8_PLC_BIT_ADDR_OFFSET,WORD,$1194
S9_PLC_BIT_ADDR_OFFSET,WORD,$1195
VENTILATION_VFD_STATUS_FLAG,BIT,$1196.0
P0_START_TIME_HH,WORD,$1197
P0_START_TIME_MM,WORD,$1198
P0_END_TIME_HH,WORD,$1199
P0_END_TIME_MM,WORD,$1200
TMPWORD,WORD,$1201
USE_P0_SCHEDULE,BIT,$1202.0
OVERFLOW_LOCAL_0,BIT,$1203.0
OVERFLOW_LOCAL_1,BIT,$1204.0
OVERFLOW_LOCAL_2,BIT,$1205.0
OVERFLOW_LOCAL_3,BIT,$1206.0
OVERFLOW_LOCAL_4,BIT,$1207.0
OVERFLOW_LOCAL_5,BIT,$1208.0
OVERFLOW_LOCAL_6,BIT,$1209.0
OVERFLOW_LOCAL_7,BIT,$1210.0
OVERFLOW_LOCAL_8,BIT,$1211.0
OVERFLOW_LOCAL_9,BIT,$1212.0
